Segment,Country,Product,Discount Band,Units Sold,Manufacturing Price,Sale Price,Gross Sales,Cost of goods sold,Profit,Date,Month Number,Month Name,Year
Government,   Canada,Carretera,,1619.0,3.0,20.0,32380.0,16185.0,16195.0,1/1/2019,1.0,Jan,2019.0
Government,GERMANY,Carretera,,1321.0,3.0,20.0,26420.0,13210.0,13210.0,1/1/2019,1.0,Jan,2019.0
Midmarket,France,Carretera,,2178.0,3.0,15.0,32670.0,21780.0,10890.0,6/1/2019,6.0,Jun,2019.0
Midmarket,GERMANY,Carretera,,888.0,3.0,15.0,13320.0,8880.0,4440.0,6/1/2019,6.0,Jun,2019.0
Midmarket,Mexico,Carretera,,2470.0,3.0,15.0,37050.0,24700.0,12350.0,6/1/2019,6.0,Jun,2019.0
Government,GERMANY,Carretera,,1513.0,3.0,350.0,529550.0,393380.0,136170.0,12/1/2019,12.0,Dec,2019.0
,,,,,,,,,,,,,
Midmarket,GERMANY,Montana,,921.0,5.0,15.0,13815.0,9210.0,4605.0,3/1/2019,3.0,Mar,2019.0
Channel Partners,   Canada,Montana,,2518.0,5.0,12.0,30216.0,7554.0,22662.0,6/1/2019,6.0,Jun,2019.0
Government,France,Montana,,1899.0,5.0,20.0,37980.0,18990.0,18990.0,6/1/2019,6.0,Jun,2019.0
Channel Partners,GERMANY,Montana,,1545.0,5.0,12.0,18540.0,4635.0,13905.0,6/1/2019,6.0,Jun,2019.0
,,,,,,,,,,,,,
Midmarket,Mexico,Montana,,2470.0,5.0,15.0,37050.0,24700.0,12350.0,6/1/2019,6.0,Jun,2019.0
Enterprise,   Canada,Montana,,2666.0,5.0,125.0,333250.0,319860.0,13390.0,7/1/2019,7.0,Jul,2019.0
Small Business,Mexico,Montana,,958.0,5.0,300.0,287400.0,239500.0,47900.0,8/1/2019,8.0,Aug,2019.0
Government,GERMANY,Montana,,2146.0,5.0,7.0,15022.0,10730.0,4292.0,9/1/2019,9.0,Sep,2019.0
Enterprise,   Canada,Montana,,345.0,5.0,125.0,43125.0,41400.0,1725.0,10/1/2018,10.0,Oct,2018.0
,,,,,,,,,,,,,
Midmarket,USA,Montana,,615.0,5.0,15.0,9225.0,6150.0,3075.0,12/1/2019,12.0,Dec,2019.0
Government,   Canada,Paseo,,292.0,10.0,20.0,5840.0,2920.0,2920.0,2/1/2019,2.0,Feb,2019.0
Midmarket,Mexico,Paseo,,974.0,10.0,15.0,14610.0,9740.0,4870.0,2/1/2019,2.0,Feb,2019.0
Channel Partners,   Canada,Paseo,,2518.0,10.0,12.0,30216.0,7554.0,22662.0,6/1/2019,6.0,Jun,2019.0
Government,GERMANY,Paseo,,1006.0,10.0,350.0,352100.0,261560.0,90540.0,6/1/2019,6.0,Jun,2019.0
Channel Partners,GERMANY,Paseo,,367.0,10.0,12.0,4404.0,1101.0,3303.0,7/1/2019,7.0,Jul,2019.0
Government,Mexico,Paseo,,883.0,10.0,7.0,6181.0,4415.0,1766.0,8/1/2019,8.0,Aug,2019.0
Midmarket,France,Paseo,,549.0,10.0,15.0,8235.0,5490.0,2745.0,9/1/2018,9.0,Sep,2018.0
Small Business,Mexico,Paseo,,788.0,10.0,300.0,236400.0,197000.0,39400.0,9/1/2018,9.0,Sep,2018.0
,,,,,,,,,,,,,
Midmarket,Mexico,Paseo,,2472.0,10.0,15.0,37080.0,24720.0,12360.0,9/1/2019,9.0,Sep,2019.0
Government,USA,Paseo,,1143.0,10.0,7.0,8001.0,5715.0,2286.0,10/1/2019,10.0,Oct,2019.0
Government,   Canada,Paseo,,1725.0,10.0,350.0,603750.0,448500.0,155250.0,11/1/2018,11.0,Nov,2018.0
Channel Partners,USA,Paseo,,912.0,10.0,12.0,10944.0,2736.0,8208.0,11/1/2018,11.0,Nov,2018.0
Midmarket,   Canada,Paseo,,2152.0,10.0,15.0,32280.0,21520.0,10760.0,12/1/2018,12.0,Dec,2018.0
Government,   Canada,Paseo,,1817.0,10.0,20.0,36340.0,18170.0,18170.0,12/1/2019,12.0,Dec,2019.0
Government,   Canada,Paseo,,1817.0,10.0,20.0,36340.0,18170.0,18170.0,12/1/2019,12.0,Dec,2019.0
Government,GERMANY,Paseo,,1513.0,10.0,350.0,529550.0,393380.0,136170.0,12/1/2019,12.0,Dec,2019.0
Government,Mexico,Velo,,1493.0,120.0,7.0,10451.0,7465.0,2986.0,1/1/2019,1.0,Jan,2019.0
Enterprise,France,Velo,,1804.0,120.0,125.0,225500.0,216480.0,9020.0,2/1/2019,2.0,Feb,2019.0
Enterprise,France,Velo,,1804.0,120.0,125.0,225500.0,216480.0,9020.0,2/1/2019,2.0,Feb,2019.0
Channel Partners,GERMANY,Velo,,2161.0,120.0,12.0,25932.0,6483.0,19449.0,3/1/2019,3.0,Mar,2019.0
Government,GERMANY,Velo,,1006.0,120.0,350.0,352100.0,261560.0,90540.0,6/1/2019,6.0,Jun,2019.0
Channel Partners,GERMANY,Velo,,1545.0,120.0,12.0,18540.0,4635.0,13905.0,6/1/2019,6.0,Jun,2019.0
Enterprise,USA,Velo,,2821.0,120.0,125.0,352625.0,338520.0,14105.0,8/1/2019,8.0,Aug,2019.0
Enterprise,   Canada,Velo,,345.0,120.0,125.0,43125.0,41400.0,1725.0,10/1/2018,10.0,Oct,2018.0
Small Business,   Canada,VTT,,2001.0,250.0,300.0,600300.0,500250.0,100050.0,2/1/2019,2.0,Feb,2019.0
Small Business,   Canada,VTT,,2001.0,250.0,300.0,600300.0,500250.0,100050.0,2/1/2019,2.0,Feb,2019.0
Channel Partners,GERMANY,VTT,,2838.0,250.0,12.0,34056.0,8514.0,25542.0,4/1/2019,4.0,Apr,2019.0
Midmarket,France,VTT,,2178.0,250.0,15.0,32670.0,21780.0,10890.0,6/1/2019,6.0,Jun,2019.0
Midmarket,GERMANY,VTT,,888.0,250.0,15.0,13320.0,8880.0,4440.0,6/1/2019,6.0,Jun,2019.0
Government,France,VTT,,1527.0,250.0,350.0,534450.0,397020.0,137430.0,9/1/2018,9.0,Sep,2018.0
Small Business,France,VTT,,2151.0,250.0,300.0,645300.0,537750.0,107550.0,9/1/2019,9.0,Sep,2019.0
Government,   Canada,VTT,,1817.0,250.0,20.0,36340.0,18170.0,18170.0,12/1/2019,12.0,Dec,2019.0
Government,France,Amarilla,,2750.0,260.0,350.0,962500.0,715000.0,247500.0,2/1/2019,2.0,Feb,2019.0
Channel Partners,USA,Amarilla,,1953.0,260.0,12.0,23436.0,5859.0,17577.0,4/1/2019,4.0,Apr,2019.0
Enterprise,GERMANY,Amarilla,,4220.0,260.0,125.0,527500.0,506340.0,21160.0,4/1/2019,4.0,Apr,2019.0
Government,France,Amarilla,,1899.0,260.0,20.0,37980.0,18990.0,18990.0,6/1/2019,6.0,Jun,2019.0
Government,GERMANY,Amarilla,,1686.0,260.0,7.0,11802.0,8430.0,3372.0,7/1/2019,7.0,Jul,2019.0
,,,,,,,,,,,,,
Channel Partners,USA,Amarilla,,2141.0,260.0,12.0,25692.0,6423.0,19269.0,8/1/2019,8.0,Aug,2019.0
Government,USA,Amarilla,,1143.0,260.0,7.0,8001.0,5715.0,2286.0,10/1/2019,10.0,Oct,2019.0
Midmarket,USA,Amarilla,,615.0,260.0,15.0,9225.0,6150.0,3075.0,12/1/2019,12.0,Dec,2019.0
Government,France,Paseo,Low,3945.0,10.0,7.0,27615.0,19725.0,7890.0,1/1/2019,1.0,Jan,2019.0
Midmarket,France,Paseo,Low,2296.0,10.0,15.0,34440.0,22960.0,11480.0,2/1/2019,2.0,Feb,2019.0
Government,France,Paseo,Low,1030.0,10.0,7.0,7210.0,5150.0,2060.0,5/1/2019,5.0,May,2019.0
Government,France,Velo,Low,639.0,120.0,7.0,4473.0,3195.0,1278.0,11/1/2019,11.0,Nov,2019.0
Government,   Canada,VTT,Low,1326.0,250.0,7.0,9282.0,6630.0,2652.0,3/1/2019,3.0,Mar,2019.0
Channel Partners,USA,Carretera,Low,1858.0,3.0,12.0,22296.0,5574.0,16722.0,2/1/2019,2.0,Feb,2019.0
Government,Mexico,Carretera,Low,1210.0,3.0,350.0,423500.0,314600.0,108900.0,3/1/2019,3.0,Mar,2019.0
Government,USA,Carretera,Low,2529.0,3.0,7.0,17703.0,12645.0,5058.0,7/1/2019,7.0,Jul,2019.0
Channel Partners,   Canada,Carretera,Low,1445.0,3.0,12.0,17340.0,4335.0,13005.0,9/1/2019,9.0,Sep,2019.0
Enterprise,USA,Carretera,Low,330.0,3.0,125.0,41250.0,39600.0,1650.0,9/1/2018,9.0,Sep,2018.0
Channel Partners,France,Carretera,Low,2671.0,3.0,12.0,32052.0,8013.0,24039.0,9/1/2019,9.0,Sep,2019.0
Channel Partners,GERMANY,Carretera,Low,766.0,3.0,12.0,9192.0,2298.0,6894.0,10/1/2018,10.0,Oct,2018.0
Small Business,Mexico,Carretera,Low,494.0,3.0,300.0,148200.0,123500.0,24700.0,10/1/2018,10.0,Oct,2018.0
Small Business,Mexico,Carretera,Low,494.0,3.0,300.0,148200.0,123500.0,24700.0,10/1/2018,10.0,Oct,2018.0
Government,Mexico,Carretera,Low,1397.0,3.0,350.0,488950.0,363220.0,125730.0,10/1/2019,10.0,Oct,2019.0
Government,France,Carretera,Low,2155.0,3.0,350.0,754250.0,560300.0,193950.0,12/1/2019,12.0,Dec,2019.0
Midmarket,Mexico,Montana,Low,2214.0,5.0,15.0,33210.0,22140.0,11070.0,3/1/2019,3.0,Mar,2019.0
Small Business,USA,Montana,Low,2301.0,5.0,300.0,690300.0,575250.0,115050.0,4/1/2019,4.0,Apr,2019.0
Government,France,Montana,Low,1376.0,5.0,20.0,27520.0,13755.0,13765.0,7/1/2019,7.0,Jul,2019.0
Government,France,Montana,Low,1376.0,5.0,20.0,27520.0,13755.0,13765.0,7/1/2019,7.0,Jul,2019.0
Government,   Canada,Montana,Low,1830.0,5.0,7.0,12810.0,9150.0,3660.0,8/1/2019,8.0,Aug,2019.0
Small Business,USA,Montana,Low,2498.0,5.0,300.0,749400.0,624500.0,124900.0,9/1/2018,9.0,Sep,2018.0
Enterprise,USA,Montana,Low,663.0,5.0,125.0,82875.0,79560.0,3315.0,10/1/2018,10.0,Oct,2018.0
Midmarket,USA,Paseo,Low,1514.0,10.0,15.0,22710.0,15140.0,7570.0,2/1/2019,2.0,Feb,2019.0
Government,USA,Paseo,Low,4493.0,10.0,7.0,31451.0,22462.5,8988.5,4/1/2019,4.0,Apr,2019.0
Enterprise,USA,Paseo,Low,727.0,10.0,125.0,90875.0,87240.0,3635.0,6/1/2019,6.0,Jun,2019.0
Enterprise,France,Paseo,Low,787.0,10.0,125.0,98375.0,94440.0,3935.0,6/1/2019,6.0,Jun,2019.0
Enterprise,Mexico,Paseo,Low,1823.0,10.0,125.0,227875.0,218760.0,9115.0,7/1/2019,7.0,Jul,2019.0
Midmarket,GERMANY,Paseo,Low,747.0,10.0,15.0,11205.0,7470.0,3735.0,9/1/2019,9.0,Sep,2019.0
Channel Partners,GERMANY,Paseo,Low,766.0,10.0,12.0,9192.0,2298.0,6894.0,10/1/2018,10.0,Oct,2018.0
Small Business,USA,Paseo,Low,2905.0,10.0,300.0,871500.0,726250.0,145250.0,11/1/2019,11.0,Nov,2019.0
Government,France,Paseo,Low,2155.0,10.0,350.0,754250.0,560300.0,193950.0,12/1/2019,12.0,Dec,2019.0
Government,France,Velo,Low,3864.0,120.0,20.0,77280.0,38640.0,38640.0,4/1/2019,4.0,Apr,2019.0
Government,Mexico,Velo,Low,362.0,120.0,7.0,2534.0,1810.0,724.0,5/1/2019,5.0,May,2019.0
Enterprise,   Canada,Velo,Low,923.0,120.0,125.0,115375.0,110760.0,4615.0,8/1/2019,8.0,Aug,2019.0
Enterprise,USA,Velo,Low,663.0,120.0,125.0,82875.0,79560.0,3315.0,10/1/2018,10.0,Oct,2018.0
Government,   Canada,Velo,Low,2092.0,120.0,7.0,14644.0,10460.0,4184.0,11/1/2018,11.0,Nov,2018.0
Government,GERMANY,VTT,Low,263.0,250.0,7.0,1841.0,1315.0,526.0,3/1/2019,3.0,Mar,2019.0
Government,   Canada,VTT,Low,944.0,250.0,350.0,330400.0,245310.0,85090.0,4/1/2019,4.0,Apr,2019.0
Enterprise,USA,VTT,Low,727.0,250.0,125.0,90875.0,87240.0,3635.0,6/1/2019,6.0,Jun,2019.0
Enterprise,France,VTT,Low,787.0,250.0,125.0,98375.0,94440.0,3935.0,6/1/2019,6.0,Jun,2019.0
Small Business,GERMANY,VTT,Low,986.0,250.0,300.0,295800.0,246500.0,49300.0,9/1/2019,9.0,Sep,2019.0
Small Business,Mexico,VTT,Low,494.0,250.0,300.0,148200.0,123500.0,24700.0,10/1/2018,10.0,Oct,2018.0
Government,Mexico,VTT,Low,1397.0,250.0,350.0,488950.0,363220.0,125730.0,10/1/2019,10.0,Oct,2019.0
Enterprise,France,VTT,Low,1744.0,250.0,125.0,218000.0,209280.0,8720.0,11/1/2019,11.0,Nov,2019.0
Channel Partners,USA,Amarilla,Low,1989.0,260.0,12.0,23868.0,5967.0,17901.0,9/1/2018,9.0,Sep,2018.0
Midmarket,France,Amarilla,Low,321.0,260.0,15.0,4815.0,3210.0,1605.0,11/1/2018,11.0,Nov,2018.0
Enterprise,   Canada,Carretera,Low,743.0,3.0,125.0,92875.0,89100.0,3775.0,4/1/2019,4.0,Apr,2019.0
Channel Partners,   Canada,Carretera,Low,1295.0,3.0,12.0,15540.0,3885.0,11655.0,10/1/2019,10.0,Oct,2019.0
Small Business,GERMANY,Carretera,Low,214.0,3.0,300.0,64200.0,53500.0,10700.0,10/1/2018,10.0,Oct,2018.0
Government,France,Carretera,Low,2145.0,3.0,7.0,15015.0,10725.0,4290.0,11/1/2018,11.0,Nov,2018.0
Government,   Canada,Carretera,Low,2852.0,3.0,350.0,998200.0,741520.0,256680.0,12/1/2019,12.0,Dec,2019.0
Channel Partners,USA,Montana,Low,1142.0,5.0,12.0,13704.0,3426.0,10278.0,6/1/2019,6.0,Jun,2019.0
Government,USA,Montana,Low,1566.0,5.0,20.0,31320.0,15660.0,15660.0,10/1/2019,10.0,Oct,2019.0
Channel Partners,Mexico,Montana,Low,690.0,5.0,12.0,8280.0,2070.0,6210.0,11/1/2019,11.0,Nov,2019.0
Enterprise,Mexico,Montana,Low,1660.0,5.0,125.0,207500.0,199200.0,8300.0,11/1/2018,11.0,Nov,2018.0
Midmarket,   Canada,Paseo,Low,2363.0,10.0,15.0,35445.0,23630.0,11815.0,2/1/2019,2.0,Feb,2019.0
Small Business,France,Paseo,Low,918.0,10.0,300.0,275400.0,229500.0,45900.0,5/1/2019,5.0,May,2019.0
Small Business,GERMANY,Paseo,Low,1728.0,10.0,300.0,518400.0,432000.0,86400.0,5/1/2019,5.0,May,2019.0
Channel Partners,USA,Paseo,Low,1142.0,10.0,12.0,13704.0,3426.0,10278.0,6/1/2019,6.0,Jun,2019.0
Enterprise,Mexico,Paseo,Low,662.0,10.0,125.0,82750.0,79440.0,3310.0,6/1/2019,6.0,Jun,2019.0
Channel Partners,   Canada,Paseo,Low,1295.0,10.0,12.0,15540.0,3885.0,11655.0,10/1/2019,10.0,Oct,2019.0
Enterprise,GERMANY,Paseo,Low,809.0,10.0,125.0,101125.0,97080.0,4045.0,10/1/2018,10.0,Oct,2018.0
Enterprise,Mexico,Paseo,Low,2145.0,10.0,125.0,268125.0,257400.0,10725.0,10/1/2018,10.0,Oct,2018.0
Channel Partners,France,Paseo,Low,1785.0,10.0,12.0,21420.0,5355.0,16065.0,11/1/2018,11.0,Nov,2018.0
Small Business,   Canada,Paseo,Low,1916.0,10.0,300.0,574800.0,479000.0,95800.0,12/1/2019,12.0,Dec,2019.0
Government,   Canada,Paseo,Low,2852.0,10.0,350.0,998200.0,741520.0,256680.0,12/1/2019,12.0,Dec,2019.0
Enterprise,   Canada,Paseo,Low,2729.0,10.0,125.0,341125.0,327480.0,13645.0,12/1/2019,12.0,Dec,2019.0
Midmarket,USA,Paseo,Low,1925.0,10.0,15.0,28875.0,19250.0,9625.0,12/1/2018,12.0,Dec,2018.0
Government,USA,Paseo,Low,2013.0,10.0,7.0,14091.0,10065.0,4026.0,12/1/2018,12.0,Dec,2018.0
Channel Partners,France,Paseo,Low,1055.0,10.0,12.0,12660.0,3165.0,9495.0,12/1/2019,12.0,Dec,2019.0
Channel Partners,Mexico,Paseo,Low,1084.0,10.0,12.0,13008.0,3252.0,9756.0,12/1/2019,12.0,Dec,2019.0
Government,USA,Velo,Low,1566.0,120.0,20.0,31320.0,15660.0,15660.0,10/1/2019,10.0,Oct,2019.0
Government,GERMANY,Velo,Low,2966.0,120.0,350.0,1038100.0,771160.0,266940.0,10/1/2018,10.0,Oct,2018.0
Government,GERMANY,Velo,Low,2877.0,120.0,350.0,1006950.0,748020.0,258930.0,10/1/2019,10.0,Oct,2019.0
Enterprise,GERMANY,Velo,Low,809.0,120.0,125.0,101125.0,97080.0,4045.0,10/1/2018,10.0,Oct,2018.0
Enterprise,Mexico,Velo,Low,2145.0,120.0,125.0,268125.0,257400.0,10725.0,10/1/2018,10.0,Oct,2018.0
Channel Partners,France,Velo,Low,1055.0,120.0,12.0,12660.0,3165.0,9495.0,12/1/2019,12.0,Dec,2019.0
Government,Mexico,Velo,Low,544.0,120.0,20.0,10880.0,5440.0,5440.0,12/1/2018,12.0,Dec,2018.0
Channel Partners,Mexico,Velo,Low,1084.0,120.0,12.0,13008.0,3252.0,9756.0,12/1/2019,12.0,Dec,2019.0
Enterprise,Mexico,VTT,Low,662.0,250.0,125.0,82750.0,79440.0,3310.0,6/1/2019,6.0,Jun,2019.0
Small Business,GERMANY,VTT,Low,214.0,250.0,300.0,64200.0,53500.0,10700.0,10/1/2018,10.0,Oct,2018.0
Government,GERMANY,VTT,Low,2877.0,250.0,350.0,1006950.0,748020.0,258930.0,10/1/2019,10.0,Oct,2019.0
Enterprise,   Canada,VTT,Low,2729.0,250.0,125.0,341125.0,327480.0,13645.0,12/1/2019,12.0,Dec,2019.0
Government,USA,VTT,Low,266.0,250.0,350.0,93100.0,69160.0,23940.0,12/1/2018,12.0,Dec,2018.0
Government,Mexico,VTT,Low,1940.0,250.0,350.0,679000.0,504400.0,174600.0,12/1/2018,12.0,Dec,2018.0
Small Business,GERMANY,Amarilla,Low,259.0,260.0,300.0,77700.0,64750.0,12950.0,3/1/2019,3.0,Mar,2019.0
Small Business,Mexico,Amarilla,Low,1101.0,260.0,300.0,330300.0,275250.0,55050.0,3/1/2019,3.0,Mar,2019.0
Enterprise,GERMANY,Amarilla,Low,2276.0,260.0,125.0,284500.0,273120.0,11380.0,5/1/2019,5.0,May,2019.0
Government,GERMANY,Amarilla,Low,2966.0,260.0,350.0,1038100.0,771160.0,266940.0,10/1/2018,10.0,Oct,2018.0
Government,USA,Amarilla,Low,1236.0,260.0,20.0,24720.0,12360.0,12360.0,11/1/2019,11.0,Nov,2019.0
Government,France,Amarilla,Low,941.0,260.0,20.0,18820.0,9410.0,9410.0,11/1/2019,11.0,Nov,2019.0
Small Business,   Canada,Amarilla,Low,1916.0,260.0,300.0,574800.0,479000.0,95800.0,12/1/2019,12.0,Dec,2019.0
Enterprise,France,Carretera,Low,4244.0,3.0,125.0,530500.0,509220.0,21280.0,4/1/2019,4.0,Apr,2019.0
Government,GERMANY,Carretera,Low,2580.0,3.0,20.0,51600.0,25800.0,25800.0,4/1/2019,4.0,Apr,2019.0
Small Business,GERMANY,Carretera,Low,689.0,3.0,300.0,206700.0,172250.0,34450.0,6/1/2019,6.0,Jun,2019.0
Channel Partners,USA,Carretera,Low,1947.0,3.0,12.0,23364.0,5841.0,17523.0,9/1/2019,9.0,Sep,2019.0
Channel Partners,   Canada,Carretera,Low,908.0,3.0,12.0,10896.0,2724.0,8172.0,12/1/2018,12.0,Dec,2018.0
Government,GERMANY,Montana,Low,1958.0,5.0,7.0,13706.0,9790.0,3916.0,2/1/2019,2.0,Feb,2019.0
Channel Partners,France,Montana,Low,1901.0,5.0,12.0,22812.0,5703.0,17109.0,6/1/2019,6.0,Jun,2019.0
Government,France,Montana,Low,544.0,5.0,7.0,3808.0,2720.0,1088.0,9/1/2019,9.0,Sep,2019.0
Government,GERMANY,Montana,Low,1797.0,5.0,350.0,628950.0,467220.0,161730.0,9/1/2018,9.0,Sep,2018.0
Enterprise,France,Montana,Low,1287.0,5.0,125.0,160875.0,154440.0,6435.0,12/1/2019,12.0,Dec,2019.0
Enterprise,GERMANY,Montana,Low,1706.0,5.0,125.0,213250.0,204720.0,8530.0,12/1/2019,12.0,Dec,2019.0
Small Business,France,Paseo,Low,2435.0,10.0,300.0,730500.0,608625.0,121875.0,1/1/2019,1.0,Jan,2019.0
Enterprise,   Canada,Paseo,Low,1774.0,10.0,125.0,221750.0,212880.0,8870.0,3/1/2019,3.0,Mar,2019.0
Channel Partners,France,Paseo,Low,1901.0,10.0,12.0,22812.0,5703.0,17109.0,6/1/2019,6.0,Jun,2019.0
Small Business,GERMANY,Paseo,Low,689.0,10.0,300.0,206700.0,172250.0,34450.0,6/1/2019,6.0,Jun,2019.0
Enterprise,GERMANY,Paseo,Low,1570.0,10.0,125.0,196250.0,188400.0,7850.0,6/1/2019,6.0,Jun,2019.0
Channel Partners,USA,Paseo,Low,1370.0,10.0,12.0,16440.0,4108.5,12331.5,7/1/2019,7.0,Jul,2019.0
Enterprise,   Canada,Paseo,Low,2009.0,10.0,125.0,251125.0,241080.0,10045.0,10/1/2019,10.0,Oct,2019.0
Midmarket,GERMANY,Paseo,Low,1945.0,10.0,15.0,29175.0,19450.0,9725.0,10/1/2018,10.0,Oct,2018.0
Enterprise,France,Paseo,Low,1287.0,10.0,125.0,160875.0,154440.0,6435.0,12/1/2019,12.0,Dec,2019.0
Enterprise,GERMANY,Paseo,Low,1706.0,10.0,125.0,213250.0,204720.0,8530.0,12/1/2019,12.0,Dec,2019.0
Enterprise,   Canada,Velo,Low,2009.0,120.0,125.0,251125.0,241080.0,10045.0,10/1/2019,10.0,Oct,2019.0
Small Business,USA,VTT,Low,2844.0,250.0,300.0,853200.0,711000.0,142200.0,2/1/2019,2.0,Feb,2019.0
Channel Partners,Mexico,VTT,Low,1916.0,250.0,12.0,22992.0,5748.0,17244.0,4/1/2019,4.0,Apr,2019.0
Enterprise,GERMANY,VTT,Low,1570.0,250.0,125.0,196250.0,188400.0,7850.0,6/1/2019,6.0,Jun,2019.0
Small Business,   Canada,VTT,Low,1874.0,250.0,300.0,562200.0,468500.0,93700.0,8/1/2019,8.0,Aug,2019.0
Government,Mexico,VTT,Low,1642.0,250.0,350.0,574700.0,426920.0,147780.0,8/1/2019,8.0,Aug,2019.0
Midmarket,GERMANY,VTT,Low,1945.0,250.0,15.0,29175.0,19450.0,9725.0,10/1/2018,10.0,Oct,2018.0
Government,   Canada,Carretera,Low,831.0,3.0,20.0,16620.0,8310.0,8310.0,5/1/2019,5.0,May,2019.0
Government,Mexico,Paseo,Low,1760.0,10.0,7.0,12320.0,8800.0,3520.0,9/1/2018,9.0,Sep,2018.0
Government,   Canada,Velo,Low,3851.0,120.0,20.0,77020.0,38505.0,38515.0,4/1/2019,4.0,Apr,2019.0
Channel Partners,GERMANY,VTT,Low,2479.0,250.0,12.0,29748.0,7437.0,22311.0,1/1/2019,1.0,Jan,2019.0
Midmarket,Mexico,Montana,Low,2031.0,5.0,15.0,30465.0,20310.0,10155.0,10/1/2019,10.0,Oct,2019.0
Midmarket,Mexico,Paseo,Low,2031.0,10.0,15.0,30465.0,20310.0,10155.0,10/1/2019,10.0,Oct,2019.0
Midmarket,France,Paseo,Low,2261.0,10.0,15.0,33915.0,22610.0,11305.0,12/1/2018,12.0,Dec,2018.0
Government,USA,Velo,Low,736.0,120.0,20.0,14720.0,7360.0,7360.0,9/1/2018,9.0,Sep,2018.0
Government,   Canada,Carretera,Low,2851.0,3.0,7.0,19957.0,14255.0,5702.0,10/1/2018,10.0,Oct,2018.0
Small Business,GERMANY,Carretera,Low,2021.0,3.0,300.0,606300.0,505250.0,101050.0,10/1/2019,10.0,Oct,2019.0
Government,USA,Carretera,Low,274.0,3.0,350.0,95900.0,71240.0,24660.0,12/1/2019,12.0,Dec,2019.0
Midmarket,   Canada,Montana,Low,1967.0,5.0,15.0,29505.0,19670.0,9835.0,3/1/2019,3.0,Mar,2019.0
Small Business,GERMANY,Montana,Low,1859.0,5.0,300.0,557700.0,464750.0,92950.0,8/1/2019,8.0,Aug,2019.0
Government,   Canada,Montana,Low,2851.0,5.0,7.0,19957.0,14255.0,5702.0,10/1/2018,10.0,Oct,2018.0
Small Business,GERMANY,Montana,Low,2021.0,5.0,300.0,606300.0,505250.0,101050.0,10/1/2019,10.0,Oct,2019.0
Enterprise,Mexico,Montana,Low,1138.0,5.0,125.0,142250.0,136560.0,5690.0,12/1/2019,12.0,Dec,2019.0
Government,   Canada,Paseo,Low,4251.0,10.0,7.0,29757.0,21255.0,8502.0,1/1/2019,1.0,Jan,2019.0
Enterprise,GERMANY,Paseo,Low,795.0,10.0,125.0,99375.0,95400.0,3975.0,3/1/2019,3.0,Mar,2019.0
Small Business,GERMANY,Paseo,Low,1415.0,10.0,300.0,424500.0,353625.0,70875.0,4/1/2019,4.0,Apr,2019.0
Small Business,USA,Paseo,Low,2918.0,10.0,300.0,875400.0,729500.0,145900.0,5/1/2019,5.0,May,2019.0
Government,USA,Paseo,Low,3450.0,10.0,350.0,1207500.0,897000.0,310500.0,7/1/2019,7.0,Jul,2019.0
Enterprise,France,Paseo,Low,2988.0,10.0,125.0,373500.0,358560.0,14940.0,7/1/2019,7.0,Jul,2019.0
Midmarket,   Canada,Paseo,Low,218.0,10.0,15.0,3270.0,2180.0,1090.0,9/1/2019,9.0,Sep,2019.0
Government,   Canada,Paseo,Low,2074.0,10.0,20.0,41480.0,20740.0,20740.0,9/1/2019,9.0,Sep,2019.0
Government,USA,Paseo,Low,1056.0,10.0,20.0,21120.0,10560.0,10560.0,9/1/2019,9.0,Sep,2019.0
Midmarket,USA,Paseo,Low,671.0,10.0,15.0,10065.0,6710.0,3355.0,10/1/2018,10.0,Oct,2018.0
Midmarket,Mexico,Paseo,Low,1514.0,10.0,15.0,22710.0,15140.0,7570.0,10/1/2018,10.0,Oct,2018.0
Government,USA,Paseo,Low,274.0,10.0,350.0,95900.0,71240.0,24660.0,12/1/2019,12.0,Dec,2019.0
Enterprise,Mexico,Paseo,Low,1138.0,10.0,125.0,142250.0,136560.0,5690.0,12/1/2019,12.0,Dec,2019.0
Channel Partners,USA,Velo,Low,1465.0,120.0,12.0,17580.0,4395.0,13185.0,3/1/2019,3.0,Mar,2019.0
Government,   Canada,Velo,Low,2646.0,120.0,20.0,52920.0,26460.0,26460.0,9/1/2018,9.0,Sep,2018.0
Government,France,Velo,Low,2177.0,120.0,350.0,761950.0,566020.0,195930.0,10/1/2019,10.0,Oct,2019.0
Channel Partners,France,VTT,Low,866.0,250.0,12.0,10392.0,2598.0,7794.0,5/1/2019,5.0,May,2019.0
Government,USA,VTT,Low,349.0,250.0,350.0,122150.0,90740.0,31410.0,9/1/2018,9.0,Sep,2018.0
Government,France,VTT,Low,2177.0,250.0,350.0,761950.0,566020.0,195930.0,10/1/2019,10.0,Oct,2019.0
Midmarket,Mexico,VTT,Low,1514.0,250.0,15.0,22710.0,15140.0,7570.0,10/1/2018,10.0,Oct,2018.0
Government,Mexico,Amarilla,Low,1865.0,260.0,350.0,652750.0,484900.0,167850.0,2/1/2019,2.0,Feb,2019.0
Enterprise,Mexico,Amarilla,Low,1074.0,260.0,125.0,134250.0,128880.0,5370.0,4/1/2019,4.0,Apr,2019.0
Government,GERMANY,Amarilla,Low,1907.0,260.0,350.0,667450.0,495820.0,171630.0,9/1/2019,9.0,Sep,2019.0
Midmarket,USA,Amarilla,Low,671.0,260.0,15.0,10065.0,6710.0,3355.0,10/1/2018,10.0,Oct,2018.0
Government,   Canada,Amarilla,Low,1778.0,260.0,350.0,622300.0,462280.0,160020.0,12/1/2018,12.0,Dec,2018.0
Government,GERMANY,Montana,Medium,1159.0,5.0,7.0,8113.0,5795.0,2318.0,10/1/2018,10.0,Oct,2018.0
Government,GERMANY,Paseo,Medium,1372.0,10.0,7.0,9604.0,6860.0,2744.0,1/1/2019,1.0,Jan,2019.0
Government,   Canada,Paseo,Medium,2349.0,10.0,7.0,16443.0,11745.0,4698.0,9/1/2018,9.0,Sep,2018.0
Government,Mexico,Paseo,Medium,2689.0,10.0,7.0,18823.0,13445.0,5378.0,10/1/2019,10.0,Oct,2019.0
Channel Partners,   Canada,Paseo,Medium,2431.0,10.0,12.0,29172.0,7293.0,21879.0,12/1/2019,12.0,Dec,2019.0
Channel Partners,   Canada,Velo,Medium,2431.0,120.0,12.0,29172.0,7293.0,21879.0,12/1/2019,12.0,Dec,2019.0
Government,Mexico,VTT,Medium,2689.0,250.0,7.0,18823.0,13445.0,5378.0,10/1/2019,10.0,Oct,2019.0
Government,Mexico,Amarilla,Medium,1683.0,260.0,7.0,11781.0,8415.0,3366.0,7/1/2019,7.0,Jul,2019.0
Channel Partners,Mexico,Amarilla,Medium,1123.0,260.0,12.0,13476.0,3369.0,10107.0,8/1/2019,8.0,Aug,2019.0
Government,GERMANY,Amarilla,Medium,1159.0,260.0,7.0,8113.0,5795.0,2318.0,10/1/2018,10.0,Oct,2018.0
Channel Partners,France,Carretera,Medium,1865.0,3.0,12.0,22380.0,5595.0,16785.0,2/1/2019,2.0,Feb,2019.0
Channel Partners,GERMANY,Carretera,Medium,1116.0,3.0,12.0,13392.0,3348.0,10044.0,2/1/2019,2.0,Feb,2019.0
Government,France,Carretera,Medium,1563.0,3.0,20.0,31260.0,15630.0,15630.0,5/1/2019,5.0,May,2019.0
Small Business,USA,Carretera,Medium,991.0,3.0,300.0,297300.0,247750.0,49550.0,6/1/2019,6.0,Jun,2019.0
Government,GERMANY,Carretera,Medium,1016.0,3.0,7.0,7112.0,5080.0,2032.0,11/1/2018,11.0,Nov,2018.0
Midmarket,Mexico,Carretera,Medium,2791.0,3.0,15.0,41865.0,27910.0,13955.0,11/1/2019,11.0,Nov,2019.0
Government,USA,Carretera,Medium,570.0,3.0,7.0,3990.0,2850.0,1140.0,12/1/2019,12.0,Dec,2019.0
Government,France,Carretera,Medium,2487.0,3.0,7.0,17409.0,12435.0,4974.0,12/1/2019,12.0,Dec,2019.0
Government,France,Montana,Medium,1385.0,5.0,350.0,484750.0,359970.0,124780.0,1/1/2019,1.0,Jan,2019.0
Enterprise,USA,Montana,Medium,3627.0,5.0,125.0,453375.0,435240.0,18135.0,7/1/2019,7.0,Jul,2019.0
Government,Mexico,Montana,Medium,720.0,5.0,350.0,252000.0,187200.0,64800.0,9/1/2018,9.0,Sep,2018.0
Channel Partners,GERMANY,Montana,Medium,2342.0,5.0,12.0,28104.0,7026.0,21078.0,11/1/2019,11.0,Nov,2019.0
Small Business,Mexico,Montana,Medium,1100.0,5.0,300.0,330000.0,275000.0,55000.0,12/1/2018,12.0,Dec,2018.0
Government,France,Paseo,Medium,1303.0,10.0,20.0,26060.0,13030.0,13030.0,2/1/2019,2.0,Feb,2019.0
Enterprise,USA,Paseo,Medium,2992.0,10.0,125.0,374000.0,359040.0,14960.0,3/1/2019,3.0,Mar,2019.0
Enterprise,France,Paseo,Medium,2385.0,10.0,125.0,298125.0,286200.0,11925.0,3/1/2019,3.0,Mar,2019.0
Small Business,Mexico,Paseo,Medium,1607.0,10.0,300.0,482100.0,401750.0,80350.0,4/1/2019,4.0,Apr,2019.0
Government,USA,Paseo,Medium,2327.0,10.0,7.0,16289.0,11635.0,4654.0,5/1/2019,5.0,May,2019.0
Small Business,USA,Paseo,Medium,991.0,10.0,300.0,297300.0,247750.0,49550.0,6/1/2019,6.0,Jun,2019.0
Government,USA,Paseo,Medium,602.0,10.0,350.0,210700.0,156520.0,54180.0,6/1/2019,6.0,Jun,2019.0
Midmarket,France,Paseo,Medium,2620.0,10.0,15.0,39300.0,26200.0,13100.0,9/1/2019,9.0,Sep,2019.0
Government,   Canada,Paseo,Medium,1228.0,10.0,350.0,429800.0,319280.0,110520.0,10/1/2018,10.0,Oct,2018.0
Government,   Canada,Paseo,Medium,1389.0,10.0,20.0,27780.0,13890.0,13890.0,10/1/2018,10.0,Oct,2018.0
Enterprise,USA,Paseo,Medium,861.0,10.0,125.0,107625.0,103320.0,4305.0,10/1/2019,10.0,Oct,2019.0
Enterprise,France,Paseo,Medium,704.0,10.0,125.0,88000.0,84480.0,3520.0,10/1/2018,10.0,Oct,2018.0
Government,   Canada,Paseo,Medium,1802.0,10.0,20.0,36040.0,18020.0,18020.0,12/1/2018,12.0,Dec,2018.0
Government,USA,Paseo,Medium,2663.0,10.0,20.0,53260.0,26630.0,26630.0,12/1/2019,12.0,Dec,2019.0
Government,France,Paseo,Medium,2136.0,10.0,7.0,14952.0,10680.0,4272.0,12/1/2018,12.0,Dec,2018.0
Midmarket,GERMANY,Paseo,Medium,2116.0,10.0,15.0,31740.0,21160.0,10580.0,12/1/2018,12.0,Dec,2018.0
Midmarket,USA,Velo,Medium,555.0,120.0,15.0,8325.0,5550.0,2775.0,1/1/2019,1.0,Jan,2019.0
Midmarket,Mexico,Velo,Medium,2861.0,120.0,15.0,42915.0,28610.0,14305.0,1/1/2019,1.0,Jan,2019.0
Enterprise,GERMANY,Velo,Medium,807.0,120.0,125.0,100875.0,96840.0,4035.0,2/1/2019,2.0,Feb,2019.0
Government,USA,Velo,Medium,602.0,120.0,350.0,210700.0,156520.0,54180.0,6/1/2019,6.0,Jun,2019.0
Government,USA,Velo,Medium,2832.0,120.0,20.0,56640.0,28320.0,28320.0,8/1/2019,8.0,Aug,2019.0
Government,France,Velo,Medium,1579.0,120.0,20.0,31580.0,15790.0,15790.0,8/1/2019,8.0,Aug,2019.0
Enterprise,USA,Velo,Medium,861.0,120.0,125.0,107625.0,103320.0,4305.0,10/1/2019,10.0,Oct,2019.0
Enterprise,France,Velo,Medium,704.0,120.0,125.0,88000.0,84480.0,3520.0,10/1/2018,10.0,Oct,2018.0
Government,France,Velo,Medium,1033.0,120.0,20.0,20660.0,10330.0,10330.0,12/1/2018,12.0,Dec,2018.0
Small Business,GERMANY,Velo,Medium,1250.0,120.0,300.0,375000.0,312500.0,62500.0,12/1/2019,12.0,Dec,2019.0
Government,   Canada,VTT,Medium,1389.0,250.0,20.0,27780.0,13890.0,13890.0,10/1/2018,10.0,Oct,2018.0
Government,USA,VTT,Medium,1265.0,250.0,20.0,25300.0,12650.0,12650.0,11/1/2018,11.0,Nov,2018.0
Government,GERMANY,VTT,Medium,2297.0,250.0,20.0,45940.0,22970.0,22970.0,11/1/2018,11.0,Nov,2018.0
Government,USA,VTT,Medium,2663.0,250.0,20.0,53260.0,26630.0,26630.0,12/1/2019,12.0,Dec,2019.0
Government,USA,VTT,Medium,570.0,250.0,7.0,3990.0,2850.0,1140.0,12/1/2019,12.0,Dec,2019.0
Government,France,VTT,Medium,2487.0,250.0,7.0,17409.0,12435.0,4974.0,12/1/2019,12.0,Dec,2019.0
Government,GERMANY,Amarilla,Medium,1350.0,260.0,350.0,472500.0,351000.0,121500.0,2/1/2019,2.0,Feb,2019.0
Government,   Canada,Amarilla,Medium,552.0,260.0,350.0,193200.0,143520.0,49680.0,8/1/2019,8.0,Aug,2019.0
Government,   Canada,Amarilla,Medium,1228.0,260.0,350.0,429800.0,319280.0,110520.0,10/1/2018,10.0,Oct,2018.0
Small Business,GERMANY,Amarilla,Medium,1250.0,260.0,300.0,375000.0,312500.0,62500.0,12/1/2019,12.0,Dec,2019.0
Midmarket,France,Paseo,Medium,3801.0,10.0,15.0,57015.0,38010.0,19005.0,4/1/2019,4.0,Apr,2019.0
Government,USA,Carretera,Medium,1118.0,3.0,20.0,22360.0,11175.0,11185.0,1/1/2019,1.0,Jan,2019.0
Midmarket,   Canada,Carretera,Medium,2844.0,3.0,15.0,42660.0,28440.0,14220.0,6/1/2019,6.0,Jun,2019.0
Channel Partners,Mexico,Carretera,Medium,562.0,3.0,12.0,6744.0,1686.0,5058.0,9/1/2019,9.0,Sep,2019.0
Channel Partners,   Canada,Carretera,Medium,2299.0,3.0,12.0,27588.0,6897.0,20691.0,10/1/2018,10.0,Oct,2018.0
Midmarket,USA,Carretera,Medium,2030.0,3.0,15.0,30450.0,20300.0,10150.0,11/1/2019,11.0,Nov,2019.0
Government,USA,Carretera,Medium,263.0,3.0,7.0,1841.0,1315.0,526.0,11/1/2018,11.0,Nov,2018.0
Enterprise,GERMANY,Carretera,Medium,887.0,3.0,125.0,110875.0,106440.0,4435.0,12/1/2018,12.0,Dec,2018.0
Government,Mexico,Montana,Medium,980.0,5.0,350.0,343000.0,254800.0,88200.0,4/1/2019,4.0,Apr,2019.0
Government,GERMANY,Montana,Medium,1460.0,5.0,350.0,511000.0,379600.0,131400.0,5/1/2019,5.0,May,2019.0
Government,France,Montana,Medium,1403.0,5.0,7.0,9821.0,7015.0,2806.0,10/1/2018,10.0,Oct,2018.0
Channel Partners,USA,Montana,Medium,2723.0,5.0,12.0,32676.0,8169.0,24507.0,11/1/2019,11.0,Nov,2019.0
Government,France,Paseo,Medium,1496.0,10.0,350.0,523600.0,388960.0,134640.0,6/1/2019,6.0,Jun,2019.0
Channel Partners,   Canada,Paseo,Medium,2299.0,10.0,12.0,27588.0,6897.0,20691.0,10/1/2018,10.0,Oct,2018.0
Government,USA,Paseo,Medium,727.0,10.0,350.0,254450.0,189020.0,65430.0,10/1/2018,10.0,Oct,2018.0
Enterprise,   Canada,Velo,Medium,952.0,120.0,125.0,119000.0,114240.0,4760.0,2/1/2019,2.0,Feb,2019.0
Enterprise,USA,Velo,Medium,2755.0,120.0,125.0,344375.0,330600.0,13775.0,2/1/2019,2.0,Feb,2019.0
Midmarket,GERMANY,Velo,Medium,1530.0,120.0,15.0,22950.0,15300.0,7650.0,5/1/2019,5.0,May,2019.0
Government,France,Velo,Medium,1496.0,120.0,350.0,523600.0,388960.0,134640.0,6/1/2019,6.0,Jun,2019.0
Government,Mexico,Velo,Medium,1498.0,120.0,7.0,10486.0,7490.0,2996.0,6/1/2019,6.0,Jun,2019.0
Small Business,France,Velo,Medium,1221.0,120.0,300.0,366300.0,305250.0,61050.0,10/1/2018,10.0,Oct,2018.0
Government,France,Velo,Medium,2076.0,120.0,350.0,726600.0,539760.0,186840.0,10/1/2018,10.0,Oct,2018.0
Midmarket,   Canada,VTT,Medium,2844.0,250.0,15.0,42660.0,28440.0,14220.0,6/1/2019,6.0,Jun,2019.0
Government,Mexico,VTT,Medium,1498.0,250.0,7.0,10486.0,7490.0,2996.0,6/1/2019,6.0,Jun,2019.0
Small Business,France,VTT,Medium,1221.0,250.0,300.0,366300.0,305250.0,61050.0,10/1/2018,10.0,Oct,2018.0
Government,Mexico,VTT,Medium,1123.0,250.0,20.0,22460.0,11230.0,11230.0,11/1/2018,11.0,Nov,2018.0
Small Business,   Canada,VTT,Medium,2436.0,250.0,300.0,730800.0,609000.0,121800.0,12/1/2018,12.0,Dec,2018.0
Enterprise,France,Amarilla,Medium,1988.0,260.0,125.0,248500.0,238500.0,10000.0,1/1/2019,1.0,Jan,2019.0
Government,Mexico,Amarilla,Medium,1679.0,260.0,350.0,587650.0,436540.0,151110.0,9/1/2019,9.0,Sep,2019.0
Government,USA,Amarilla,Medium,727.0,260.0,350.0,254450.0,189020.0,65430.0,10/1/2018,10.0,Oct,2018.0
Government,France,Amarilla,Medium,1403.0,260.0,7.0,9821.0,7015.0,2806.0,10/1/2018,10.0,Oct,2018.0
Government,France,Amarilla,Medium,2076.0,260.0,350.0,726600.0,539760.0,186840.0,10/1/2018,10.0,Oct,2018.0
Government,France,Montana,Medium,1757.0,5.0,20.0,35140.0,17570.0,17570.0,10/1/2018,10.0,Oct,2018.0
Midmarket,USA,Paseo,Medium,2198.0,10.0,15.0,32970.0,21980.0,10990.0,8/1/2019,8.0,Aug,2019.0
Midmarket,GERMANY,Paseo,Medium,1743.0,10.0,15.0,26145.0,17430.0,8715.0,8/1/2019,8.0,Aug,2019.0
Midmarket,USA,Paseo,Medium,1153.0,10.0,15.0,17295.0,11530.0,5765.0,10/1/2019,10.0,Oct,2019.0
Government,France,Paseo,Medium,1757.0,10.0,20.0,35140.0,17570.0,17570.0,10/1/2018,10.0,Oct,2018.0
Government,GERMANY,Velo,Medium,1001.0,120.0,20.0,20020.0,10010.0,10010.0,8/1/2019,8.0,Aug,2019.0
Government,Mexico,Velo,Medium,1333.0,120.0,7.0,9331.0,6665.0,2666.0,11/1/2019,11.0,Nov,2019.0
Midmarket,USA,VTT,Medium,1153.0,250.0,15.0,17295.0,11530.0,5765.0,10/1/2019,10.0,Oct,2019.0
Channel Partners,Mexico,Carretera,Medium,727.0,3.0,12.0,8724.0,2181.0,6543.0,2/1/2019,2.0,Feb,2019.0
Channel Partners,   Canada,Carretera,Medium,1884.0,3.0,12.0,22608.0,5652.0,16956.0,8/1/2019,8.0,Aug,2019.0
Government,Mexico,Carretera,Medium,1834.0,3.0,20.0,36680.0,18340.0,18340.0,9/1/2018,9.0,Sep,2018.0
Channel Partners,Mexico,Montana,Medium,2340.0,5.0,12.0,28080.0,7020.0,21060.0,1/1/2019,1.0,Jan,2019.0
Channel Partners,France,Montana,Medium,2342.0,5.0,12.0,28104.0,7026.0,21078.0,11/1/2019,11.0,Nov,2019.0
Government,France,Paseo,Medium,1031.0,10.0,7.0,7217.0,5155.0,2062.0,9/1/2018,9.0,Sep,2018.0
Midmarket,   Canada,Velo,Medium,1262.0,120.0,15.0,18930.0,12620.0,6310.0,5/1/2019,5.0,May,2019.0
Government,   Canada,Velo,Medium,1135.0,120.0,7.0,7945.0,5675.0,2270.0,6/1/2019,6.0,Jun,2019.0
Government,USA,Velo,Medium,547.0,120.0,7.0,3829.0,2735.0,1094.0,11/1/2019,11.0,Nov,2019.0
Government,   Canada,Velo,Medium,1582.0,120.0,7.0,11074.0,7910.0,3164.0,12/1/2019,12.0,Dec,2019.0
Channel Partners,France,VTT,Medium,1739.0,250.0,12.0,20868.0,5215.5,15652.5,4/1/2019,4.0,Apr,2019.0
Channel Partners,GERMANY,VTT,Medium,2215.0,250.0,12.0,26580.0,6645.0,19935.0,9/1/2018,9.0,Sep,2018.0
Government,   Canada,VTT,Medium,1582.0,250.0,7.0,11074.0,7910.0,3164.0,12/1/2019,12.0,Dec,2019.0
Government,   Canada,Amarilla,Medium,1135.0,260.0,7.0,7945.0,5675.0,2270.0,6/1/2019,6.0,Jun,2019.0
Government,USA,Carretera,Medium,1761.0,3.0,350.0,616350.0,457860.0,158490.0,3/1/2019,3.0,Mar,2019.0
Small Business,France,Carretera,Medium,448.0,3.0,300.0,134400.0,112000.0,22400.0,6/1/2019,6.0,Jun,2019.0
Small Business,France,Carretera,Medium,2181.0,3.0,300.0,654300.0,545250.0,109050.0,10/1/2019,10.0,Oct,2019.0
Government,France,Montana,Medium,1976.0,5.0,20.0,39520.0,19760.0,19760.0,10/1/2019,10.0,Oct,2019.0
Small Business,France,Montana,Medium,2181.0,5.0,300.0,654300.0,545250.0,109050.0,10/1/2019,10.0,Oct,2019.0
Enterprise,GERMANY,Montana,Medium,2500.0,5.0,125.0,312500.0,300000.0,12500.0,11/1/2018,11.0,Nov,2018.0
Small Business,   Canada,Paseo,Medium,1702.0,10.0,300.0,510600.0,425500.0,85100.0,5/1/2019,5.0,May,2019.0
Small Business,France,Paseo,Medium,448.0,10.0,300.0,134400.0,112000.0,22400.0,6/1/2019,6.0,Jun,2019.0
Enterprise,GERMANY,Paseo,Medium,3513.0,10.0,125.0,439125.0,421560.0,17565.0,7/1/2019,7.0,Jul,2019.0
Midmarket,France,Paseo,Medium,2101.0,10.0,15.0,31515.0,21010.0,10505.0,8/1/2019,8.0,Aug,2019.0
Midmarket,USA,Paseo,Medium,2931.0,10.0,15.0,43965.0,29310.0,14655.0,9/1/2018,9.0,Sep,2018.0
Government,France,Paseo,Medium,1535.0,10.0,20.0,30700.0,15350.0,15350.0,9/1/2019,9.0,Sep,2019.0
Small Business,GERMANY,Paseo,Medium,1123.0,10.0,300.0,336900.0,280750.0,56150.0,9/1/2018,9.0,Sep,2018.0
Small Business,   Canada,Paseo,Medium,1404.0,10.0,300.0,421200.0,351000.0,70200.0,11/1/2018,11.0,Nov,2018.0
Channel Partners,Mexico,Paseo,Medium,2763.0,10.0,12.0,33156.0,8289.0,24867.0,11/1/2018,11.0,Nov,2018.0
Government,GERMANY,Paseo,Medium,2125.0,10.0,7.0,14875.0,10625.0,4250.0,12/1/2018,12.0,Dec,2018.0
Small Business,France,Velo,Medium,1659.0,120.0,300.0,497700.0,414750.0,82950.0,7/1/2019,7.0,Jul,2019.0
Government,Mexico,Velo,Medium,609.0,120.0,20.0,12180.0,6090.0,6090.0,8/1/2019,8.0,Aug,2019.0
Enterprise,GERMANY,Velo,Medium,2087.0,120.0,125.0,260875.0,250440.0,10435.0,9/1/2019,9.0,Sep,2019.0
Government,France,Velo,Medium,1976.0,120.0,20.0,39520.0,19760.0,19760.0,10/1/2019,10.0,Oct,2019.0
Government,USA,Velo,Medium,1421.0,120.0,20.0,28420.0,14210.0,14210.0,12/1/2018,12.0,Dec,2018.0
Small Business,USA,Velo,Medium,1372.0,120.0,300.0,411600.0,343000.0,68600.0,12/1/2019,12.0,Dec,2019.0
Government,GERMANY,Velo,Medium,588.0,120.0,20.0,11760.0,5880.0,5880.0,12/1/2018,12.0,Dec,2018.0
Channel Partners,   Canada,VTT,Medium,3245.0,250.0,12.0,38940.0,9733.5,29206.5,1/1/2019,1.0,Jan,2019.0
Small Business,France,VTT,Medium,959.0,250.0,300.0,287700.0,239750.0,47950.0,2/1/2019,2.0,Feb,2019.0
Small Business,Mexico,VTT,Medium,2747.0,250.0,300.0,824100.0,686750.0,137350.0,2/1/2019,2.0,Feb,2019.0
Enterprise,   Canada,Amarilla,Medium,1645.0,260.0,125.0,205625.0,197400.0,8225.0,5/1/2019,5.0,May,2019.0
Government,France,Amarilla,Medium,2876.0,260.0,350.0,1006600.0,747760.0,258840.0,9/1/2019,9.0,Sep,2019.0
Enterprise,GERMANY,Amarilla,Medium,994.0,260.0,125.0,124250.0,119280.0,4970.0,9/1/2018,9.0,Sep,2018.0
Government,   Canada,Amarilla,Medium,1118.0,260.0,20.0,22360.0,11180.0,11180.0,11/1/2019,11.0,Nov,2019.0
Small Business,USA,Amarilla,Medium,1372.0,260.0,300.0,411600.0,343000.0,68600.0,12/1/2019,12.0,Dec,2019.0
Government,   Canada,Montana,Medium,488.0,5.0,7.0,3416.0,2440.0,976.0,2/1/2019,2.0,Feb,2019.0
Government,USA,Montana,Medium,1282.0,5.0,20.0,25640.0,12820.0,12820.0,6/1/2019,6.0,Jun,2019.0
Government,   Canada,Paseo,Medium,257.0,10.0,7.0,1799.0,1285.0,514.0,5/1/2019,5.0,May,2019.0
Government,USA,Amarilla,Medium,1282.0,260.0,20.0,25640.0,12820.0,12820.0,6/1/2019,6.0,Jun,2019.0
Enterprise,Mexico,Carretera,Medium,1540.0,3.0,125.0,192500.0,184800.0,7700.0,8/1/2019,8.0,Aug,2019.0
Midmarket,France,Carretera,Medium,490.0,3.0,15.0,7350.0,4900.0,2450.0,11/1/2019,11.0,Nov,2019.0
Government,Mexico,Carretera,Medium,1362.0,3.0,350.0,476700.0,354120.0,122580.0,12/1/2019,12.0,Dec,2019.0
Midmarket,France,Montana,Medium,2501.0,5.0,15.0,37515.0,25010.0,12505.0,3/1/2019,3.0,Mar,2019.0
Government,   Canada,Montana,Medium,708.0,5.0,20.0,14160.0,7080.0,7080.0,6/1/2019,6.0,Jun,2019.0
Government,GERMANY,Montana,Medium,645.0,5.0,20.0,12900.0,6450.0,6450.0,7/1/2019,7.0,Jul,2019.0
Small Business,France,Montana,Medium,1562.0,5.0,300.0,468600.0,390500.0,78100.0,8/1/2019,8.0,Aug,2019.0
Small Business,   Canada,Montana,Medium,1283.0,5.0,300.0,384900.0,320750.0,64150.0,9/1/2018,9.0,Sep,2018.0
Midmarket,GERMANY,Montana,Medium,711.0,5.0,15.0,10665.0,7110.0,3555.0,12/1/2019,12.0,Dec,2019.0
Enterprise,Mexico,Paseo,Medium,1114.0,10.0,125.0,139250.0,133680.0,5570.0,3/1/2019,3.0,Mar,2019.0
Government,GERMANY,Paseo,Medium,1259.0,10.0,7.0,8813.0,6295.0,2518.0,4/1/2019,4.0,Apr,2019.0
Government,GERMANY,Paseo,Medium,1095.0,10.0,7.0,7665.0,5475.0,2190.0,5/1/2019,5.0,May,2019.0
Government,GERMANY,Paseo,Medium,1366.0,10.0,20.0,27320.0,13660.0,13660.0,6/1/2019,6.0,Jun,2019.0
Small Business,Mexico,Paseo,Medium,2460.0,10.0,300.0,738000.0,615000.0,123000.0,6/1/2019,6.0,Jun,2019.0
Government,USA,Paseo,Medium,678.0,10.0,7.0,4746.0,3390.0,1356.0,8/1/2019,8.0,Aug,2019.0
Government,GERMANY,Paseo,Medium,1598.0,10.0,7.0,11186.0,7990.0,3196.0,8/1/2019,8.0,Aug,2019.0
Government,GERMANY,Paseo,Medium,2409.0,10.0,7.0,16863.0,12045.0,4818.0,9/1/2018,9.0,Sep,2018.0
Government,GERMANY,Paseo,Medium,1934.0,10.0,20.0,38680.0,19340.0,19340.0,9/1/2019,9.0,Sep,2019.0
Government,Mexico,Paseo,Medium,2993.0,10.0,20.0,59860.0,29930.0,29930.0,9/1/2019,9.0,Sep,2019.0
Government,GERMANY,Paseo,Medium,2146.0,10.0,350.0,751100.0,557960.0,193140.0,11/1/2018,11.0,Nov,2018.0
Government,Mexico,Paseo,Medium,1946.0,10.0,7.0,13622.0,9730.0,3892.0,12/1/2018,12.0,Dec,2018.0
Government,Mexico,Paseo,Medium,1362.0,10.0,350.0,476700.0,354120.0,122580.0,12/1/2019,12.0,Dec,2019.0
Channel Partners,   Canada,Velo,Medium,598.0,120.0,12.0,7176.0,1794.0,5382.0,3/1/2019,3.0,Mar,2019.0
Government,USA,Velo,Medium,2907.0,120.0,7.0,20349.0,14535.0,5814.0,6/1/2019,6.0,Jun,2019.0
Government,GERMANY,Velo,Medium,2338.0,120.0,7.0,16366.0,11690.0,4676.0,6/1/2019,6.0,Jun,2019.0
Small Business,France,Velo,Medium,386.0,120.0,300.0,115800.0,96500.0,19300.0,11/1/2018,11.0,Nov,2018.0
Small Business,Mexico,Velo,Medium,635.0,120.0,300.0,190500.0,158750.0,31750.0,12/1/2019,12.0,Dec,2019.0
Government,France,VTT,Medium,575.0,250.0,350.0,201250.0,149370.0,51880.0,4/1/2019,4.0,Apr,2019.0
Government,GERMANY,VTT,Medium,2338.0,250.0,7.0,16366.0,11690.0,4676.0,6/1/2019,6.0,Jun,2019.0
Government,France,VTT,Medium,381.0,250.0,350.0,133350.0,99060.0,34290.0,8/1/2019,8.0,Aug,2019.0
Government,GERMANY,VTT,Medium,422.0,250.0,350.0,147700.0,109720.0,37980.0,8/1/2019,8.0,Aug,2019.0
Small Business,   Canada,VTT,Medium,2134.0,250.0,300.0,640200.0,533500.0,106700.0,9/1/2019,9.0,Sep,2019.0
Small Business,USA,VTT,Medium,808.0,250.0,300.0,242400.0,202000.0,40400.0,12/1/2018,12.0,Dec,2018.0
Government,   Canada,Amarilla,Medium,708.0,260.0,20.0,14160.0,7080.0,7080.0,6/1/2019,6.0,Jun,2019.0
Government,USA,Amarilla,Medium,2907.0,260.0,7.0,20349.0,14535.0,5814.0,6/1/2019,6.0,Jun,2019.0
Government,GERMANY,Amarilla,Medium,1366.0,260.0,20.0,27320.0,13660.0,13660.0,6/1/2019,6.0,Jun,2019.0
Small Business,Mexico,Amarilla,Medium,2460.0,260.0,300.0,738000.0,615000.0,123000.0,6/1/2019,6.0,Jun,2019.0
Government,GERMANY,Amarilla,Medium,1520.0,260.0,20.0,30400.0,15200.0,15200.0,11/1/2019,11.0,Nov,2019.0
Midmarket,GERMANY,Amarilla,Medium,711.0,260.0,15.0,10665.0,7110.0,3555.0,12/1/2019,12.0,Dec,2019.0
Channel Partners,Mexico,Amarilla,Medium,1375.0,260.0,12.0,16500.0,4125.0,12375.0,12/1/2018,12.0,Dec,2018.0
Small Business,Mexico,Amarilla,Medium,635.0,260.0,300.0,190500.0,158750.0,31750.0,12/1/2019,12.0,Dec,2019.0
Government,USA,VTT,Medium,437.0,250.0,20.0,8740.0,4365.0,4375.0,7/1/2019,7.0,Jul,2019.0
Small Business,   Canada,Carretera,Medium,1094.0,3.0,300.0,328200.0,273500.0,54700.0,6/1/2019,6.0,Jun,2019.0
Channel Partners,Mexico,Carretera,Medium,367.0,3.0,12.0,4404.0,1101.0,3303.0,10/1/2018,10.0,Oct,2018.0
Small Business,   Canada,Montana,Medium,3803.0,5.0,300.0,1140900.0,950625.0,190275.0,4/1/2019,4.0,Apr,2019.0
Government,France,Montana,Medium,1666.0,5.0,350.0,583100.0,433160.0,149940.0,5/1/2019,5.0,May,2019.0
Small Business,France,Montana,Medium,322.0,5.0,300.0,96600.0,80500.0,16100.0,9/1/2018,9.0,Sep,2018.0
Channel Partners,   Canada,Montana,Medium,2321.0,5.0,12.0,27852.0,6963.0,20889.0,11/1/2019,11.0,Nov,2019.0
Enterprise,France,Montana,Medium,1857.0,5.0,125.0,232125.0,222840.0,9285.0,11/1/2018,11.0,Nov,2018.0
Government,   Canada,Montana,Medium,1611.0,5.0,7.0,11277.0,8055.0,3222.0,12/1/2018,12.0,Dec,2018.0
Enterprise,USA,Montana,Medium,2797.0,5.0,125.0,349625.0,335640.0,13985.0,12/1/2019,12.0,Dec,2019.0
Small Business,GERMANY,Montana,Medium,334.0,5.0,300.0,100200.0,83500.0,16700.0,12/1/2018,12.0,Dec,2018.0
Small Business,Mexico,Paseo,Medium,2565.0,10.0,300.0,769500.0,641250.0,128250.0,1/1/2019,1.0,Jan,2019.0
Government,Mexico,Paseo,Medium,2417.0,10.0,350.0,845950.0,628420.0,217530.0,1/1/2019,1.0,Jan,2019.0
Midmarket,USA,Paseo,Medium,3675.0,10.0,15.0,55125.0,36750.0,18375.0,4/1/2019,4.0,Apr,2019.0
Small Business,   Canada,Paseo,Medium,1094.0,10.0,300.0,328200.0,273500.0,54700.0,6/1/2019,6.0,Jun,2019.0
Midmarket,France,Paseo,Medium,1227.0,10.0,15.0,18405.0,12270.0,6135.0,10/1/2019,10.0,Oct,2019.0
Channel Partners,Mexico,Paseo,Medium,367.0,10.0,12.0,4404.0,1101.0,3303.0,10/1/2018,10.0,Oct,2018.0
Small Business,France,Paseo,Medium,1324.0,10.0,300.0,397200.0,331000.0,66200.0,11/1/2019,11.0,Nov,2019.0
Channel Partners,GERMANY,Paseo,Medium,1775.0,10.0,12.0,21300.0,5325.0,15975.0,11/1/2018,11.0,Nov,2018.0
Enterprise,USA,Paseo,Medium,2797.0,10.0,125.0,349625.0,335640.0,13985.0,12/1/2019,12.0,Dec,2019.0
Midmarket,Mexico,Velo,Medium,245.0,120.0,15.0,3675.0,2450.0,1225.0,5/1/2019,5.0,May,2019.0
Small Business,   Canada,Velo,Medium,3794.0,120.0,300.0,1138200.0,948375.0,189825.0,7/1/2019,7.0,Jul,2019.0
Government,GERMANY,Velo,Medium,1307.0,120.0,350.0,457450.0,339820.0,117630.0,7/1/2019,7.0,Jul,2019.0
Enterprise,   Canada,Velo,Medium,567.0,120.0,125.0,70875.0,68040.0,2835.0,9/1/2019,9.0,Sep,2019.0
Enterprise,Mexico,Velo,Medium,2110.0,120.0,125.0,263750.0,253200.0,10550.0,9/1/2019,9.0,Sep,2019.0
Government,   Canada,Velo,Medium,1269.0,120.0,350.0,444150.0,329940.0,114210.0,10/1/2019,10.0,Oct,2019.0
Channel Partners,USA,VTT,Medium,1956.0,250.0,12.0,23472.0,5868.0,17604.0,1/1/2019,1.0,Jan,2019.0
Small Business,GERMANY,VTT,Medium,2659.0,250.0,300.0,797700.0,664750.0,132950.0,2/1/2019,2.0,Feb,2019.0
Government,USA,VTT,Medium,1352.0,250.0,350.0,473200.0,351390.0,121810.0,4/1/2019,4.0,Apr,2019.0
Channel Partners,GERMANY,VTT,Medium,880.0,250.0,12.0,10560.0,2640.0,7920.0,5/1/2019,5.0,May,2019.0
Small Business,USA,VTT,Medium,1867.0,250.0,300.0,560100.0,466750.0,93350.0,9/1/2019,9.0,Sep,2019.0
Channel Partners,France,VTT,Medium,2234.0,250.0,12.0,26808.0,6702.0,20106.0,9/1/2018,9.0,Sep,2018.0
Midmarket,France,VTT,Medium,1227.0,250.0,15.0,18405.0,12270.0,6135.0,10/1/2019,10.0,Oct,2019.0
Enterprise,Mexico,VTT,Medium,877.0,250.0,125.0,109625.0,105240.0,4385.0,11/1/2019,11.0,Nov,2019.0
Government,USA,Amarilla,Medium,2071.0,260.0,350.0,724850.0,538460.0,186390.0,9/1/2019,9.0,Sep,2019.0
Government,   Canada,Amarilla,Medium,1269.0,260.0,350.0,444150.0,329940.0,114210.0,10/1/2019,10.0,Oct,2019.0
Midmarket,GERMANY,Amarilla,Medium,970.0,260.0,15.0,14550.0,9700.0,4850.0,11/1/2018,11.0,Nov,2018.0
Government,Mexico,Amarilla,Medium,1694.0,260.0,20.0,33880.0,16940.0,16940.0,11/1/2019,11.0,Nov,2019.0
Government,GERMANY,Carretera,Medium,663.0,3.0,20.0,13260.0,6630.0,6630.0,5/1/2019,5.0,May,2019.0
Government,   Canada,Carretera,Medium,819.0,3.0,7.0,5733.0,4095.0,1638.0,7/1/2019,7.0,Jul,2019.0
Channel Partners,GERMANY,Carretera,Medium,1580.0,3.0,12.0,18960.0,4740.0,14220.0,9/1/2019,9.0,Sep,2019.0
Government,Mexico,Carretera,Medium,521.0,3.0,7.0,3647.0,2605.0,1042.0,12/1/2019,12.0,Dec,2019.0
Government,USA,Paseo,Medium,973.0,10.0,20.0,19460.0,9730.0,9730.0,3/1/2019,3.0,Mar,2019.0
Government,Mexico,Paseo,Medium,1038.0,10.0,20.0,20760.0,10380.0,10380.0,6/1/2019,6.0,Jun,2019.0
Government,GERMANY,Paseo,Medium,360.0,10.0,7.0,2520.0,1800.0,720.0,10/1/2019,10.0,Oct,2019.0
Channel Partners,France,Velo,Medium,1967.0,120.0,12.0,23604.0,5901.0,17703.0,3/1/2019,3.0,Mar,2019.0
Midmarket,Mexico,Velo,Medium,2628.0,120.0,15.0,39420.0,26280.0,13140.0,4/1/2019,4.0,Apr,2019.0
Government,GERMANY,VTT,Medium,360.0,250.0,7.0,2520.0,1800.0,720.0,10/1/2019,10.0,Oct,2019.0
Government,France,VTT,Medium,2682.0,250.0,20.0,53640.0,26820.0,26820.0,11/1/2018,11.0,Nov,2018.0
Government,Mexico,VTT,Medium,521.0,250.0,7.0,3647.0,2605.0,1042.0,12/1/2019,12.0,Dec,2019.0
Government,Mexico,Amarilla,Medium,1038.0,260.0,20.0,20760.0,10380.0,10380.0,6/1/2019,6.0,Jun,2019.0
Midmarket,   Canada,Amarilla,Medium,1631.0,260.0,15.0,24465.0,16305.0,8160.0,7/1/2019,7.0,Jul,2019.0
Channel Partners,France,Amarilla,Medium,306.0,260.0,12.0,3672.0,918.0,2754.0,12/1/2018,12.0,Dec,2018.0
Channel Partners,USA,Carretera,High,386.0,3.0,12.0,4632.0,1158.0,3474.0,10/1/2018,10.0,Oct,2018.0
Government,USA,Montana,High,2328.0,5.0,7.0,16296.0,11640.0,4656.0,9/1/2019,9.0,Sep,2019.0
Channel Partners,USA,Paseo,High,386.0,10.0,12.0,4632.0,1158.0,3474.0,10/1/2018,10.0,Oct,2018.0
Enterprise,USA,Carretera,High,3446.0,3.0,125.0,430750.0,413460.0,17290.0,4/1/2019,4.0,Apr,2019.0
Enterprise,France,Carretera,High,1482.0,3.0,125.0,185250.0,177840.0,7410.0,12/1/2018,12.0,Dec,2018.0
Government,USA,Montana,High,2313.0,5.0,350.0,809550.0,601380.0,208170.0,5/1/2019,5.0,May,2019.0
Enterprise,USA,Montana,High,1804.0,5.0,125.0,225500.0,216480.0,9020.0,11/1/2018,11.0,Nov,2018.0
Midmarket,France,Montana,High,2072.0,5.0,15.0,31080.0,20720.0,10360.0,12/1/2019,12.0,Dec,2019.0
Government,France,Paseo,High,1954.0,10.0,20.0,39080.0,19540.0,19540.0,3/1/2019,3.0,Mar,2019.0
Small Business,Mexico,Paseo,High,591.0,10.0,300.0,177300.0,147750.0,29550.0,5/1/2019,5.0,May,2019.0
Midmarket,France,Paseo,High,2167.0,10.0,15.0,32505.0,21670.0,10835.0,10/1/2018,10.0,Oct,2018.0
Government,GERMANY,Paseo,High,241.0,10.0,20.0,4820.0,2410.0,2410.0,10/1/2019,10.0,Oct,2019.0
Midmarket,GERMANY,Velo,High,681.0,120.0,15.0,10215.0,6810.0,3405.0,1/1/2019,1.0,Jan,2019.0
Midmarket,GERMANY,Velo,High,510.0,120.0,15.0,7650.0,5100.0,2550.0,4/1/2019,4.0,Apr,2019.0
Midmarket,USA,Velo,High,790.0,120.0,15.0,11850.0,7900.0,3950.0,5/1/2019,5.0,May,2019.0
Government,France,Velo,High,639.0,120.0,350.0,223650.0,166140.0,57510.0,7/1/2019,7.0,Jul,2019.0
Enterprise,USA,Velo,High,1596.0,120.0,125.0,199500.0,191520.0,7980.0,9/1/2019,9.0,Sep,2019.0
Small Business,USA,Velo,High,2294.0,120.0,300.0,688200.0,573500.0,114700.0,10/1/2018,10.0,Oct,2018.0
Government,GERMANY,Velo,High,241.0,120.0,20.0,4820.0,2410.0,2410.0,10/1/2019,10.0,Oct,2019.0
Government,GERMANY,Velo,High,2665.0,120.0,7.0,18655.0,13325.0,5330.0,11/1/2019,11.0,Nov,2019.0
Enterprise,   Canada,Velo,High,1916.0,120.0,125.0,239500.0,229920.0,9580.0,12/1/2018,12.0,Dec,2018.0
Small Business,France,Velo,High,853.0,120.0,300.0,255900.0,213250.0,42650.0,12/1/2019,12.0,Dec,2019.0
Enterprise,Mexico,VTT,High,341.0,250.0,125.0,42625.0,40920.0,1705.0,5/1/2019,5.0,May,2019.0
Midmarket,Mexico,VTT,High,641.0,250.0,15.0,9615.0,6410.0,3205.0,7/1/2019,7.0,Jul,2019.0
Government,USA,VTT,High,2807.0,250.0,350.0,982450.0,729820.0,252630.0,8/1/2019,8.0,Aug,2019.0
Small Business,Mexico,VTT,High,432.0,250.0,300.0,129600.0,108000.0,21600.0,9/1/2019,9.0,Sep,2019.0
Small Business,USA,VTT,High,2294.0,250.0,300.0,688200.0,573500.0,114700.0,10/1/2018,10.0,Oct,2018.0
Midmarket,France,VTT,High,2167.0,250.0,15.0,32505.0,21670.0,10835.0,10/1/2018,10.0,Oct,2018.0
Enterprise,   Canada,VTT,High,2529.0,250.0,125.0,316125.0,303480.0,12645.0,11/1/2019,11.0,Nov,2019.0
Government,GERMANY,VTT,High,1870.0,250.0,350.0,654500.0,486200.0,168300.0,12/1/2018,12.0,Dec,2018.0
Enterprise,USA,Amarilla,High,579.0,260.0,125.0,72375.0,69480.0,2895.0,1/1/2019,1.0,Jan,2019.0
Government,   Canada,Amarilla,High,2240.0,260.0,350.0,784000.0,582400.0,201600.0,2/1/2019,2.0,Feb,2019.0
Small Business,USA,Amarilla,High,2993.0,260.0,300.0,897900.0,748250.0,149650.0,3/1/2019,3.0,Mar,2019.0
Channel Partners,   Canada,Amarilla,High,3521.0,260.0,12.0,42252.0,10561.5,31690.5,4/1/2019,4.0,Apr,2019.0
Government,Mexico,Amarilla,High,2039.0,260.0,20.0,40780.0,20390.0,20390.0,5/1/2019,5.0,May,2019.0
Channel Partners,GERMANY,Amarilla,High,2574.0,260.0,12.0,30888.0,7722.0,23166.0,8/1/2019,8.0,Aug,2019.0
Government,   Canada,Amarilla,High,707.0,260.0,350.0,247450.0,183820.0,63630.0,9/1/2019,9.0,Sep,2019.0
Midmarket,France,Amarilla,High,2072.0,260.0,15.0,31080.0,20720.0,10360.0,12/1/2019,12.0,Dec,2019.0
Small Business,France,Amarilla,High,853.0,260.0,300.0,255900.0,213250.0,42650.0,12/1/2019,12.0,Dec,2019.0
Channel Partners,France,Carretera,High,1198.0,3.0,12.0,14376.0,3594.0,10782.0,10/1/2018,10.0,Oct,2018.0
Government,France,Paseo,High,2532.0,10.0,7.0,17724.0,12660.0,5064.0,4/1/2019,4.0,Apr,2019.0
Channel Partners,France,Paseo,High,1198.0,10.0,12.0,14376.0,3594.0,10782.0,10/1/2018,10.0,Oct,2018.0
Midmarket,   Canada,Velo,High,384.0,120.0,15.0,5760.0,3840.0,1920.0,1/1/2019,1.0,Jan,2019.0
Channel Partners,GERMANY,Velo,High,472.0,120.0,12.0,5664.0,1416.0,4248.0,10/1/2019,10.0,Oct,2019.0
Government,USA,VTT,High,1579.0,250.0,7.0,11053.0,7895.0,3158.0,3/1/2019,3.0,Mar,2019.0
Channel Partners,Mexico,VTT,High,1005.0,250.0,12.0,12060.0,3015.0,9045.0,9/1/2018,9.0,Sep,2018.0
Midmarket,USA,Amarilla,High,3200.0,260.0,15.0,48000.0,31995.0,16005.0,7/1/2019,7.0,Jul,2019.0
Channel Partners,GERMANY,Amarilla,High,472.0,260.0,12.0,5664.0,1416.0,4248.0,10/1/2019,10.0,Oct,2019.0
Channel Partners,   Canada,Carretera,High,1937.0,3.0,12.0,23244.0,5811.0,17433.0,2/1/2019,2.0,Feb,2019.0
Government,GERMANY,Carretera,High,792.0,3.0,350.0,277200.0,205920.0,71280.0,3/1/2019,3.0,Mar,2019.0
Small Business,GERMANY,Carretera,High,2811.0,3.0,300.0,843300.0,702750.0,140550.0,7/1/2019,7.0,Jul,2019.0
Enterprise,France,Carretera,High,2441.0,3.0,125.0,305125.0,292920.0,12205.0,10/1/2019,10.0,Oct,2019.0
Midmarket,   Canada,Carretera,High,1560.0,3.0,15.0,23400.0,15600.0,7800.0,11/1/2018,11.0,Nov,2018.0
Government,Mexico,Carretera,High,2706.0,3.0,7.0,18942.0,13530.0,5412.0,11/1/2018,11.0,Nov,2018.0
Government,GERMANY,Montana,High,766.0,5.0,350.0,268100.0,199160.0,68940.0,1/1/2019,1.0,Jan,2019.0
Government,GERMANY,Montana,High,2992.0,5.0,20.0,59840.0,29920.0,29920.0,10/1/2018,10.0,Oct,2018.0
Midmarket,Mexico,Montana,High,2157.0,5.0,15.0,32355.0,21570.0,10785.0,12/1/2019,12.0,Dec,2019.0
Small Business,   Canada,Paseo,High,873.0,10.0,300.0,261900.0,218250.0,43650.0,1/1/2019,1.0,Jan,2019.0
Government,Mexico,Paseo,High,1122.0,10.0,20.0,22440.0,11220.0,11220.0,3/1/2019,3.0,Mar,2019.0
Government,   Canada,Paseo,High,2105.0,10.0,350.0,736750.0,547170.0,189580.0,7/1/2019,7.0,Jul,2019.0
Channel Partners,   Canada,Paseo,High,4026.0,10.0,12.0,48312.0,12078.0,36234.0,7/1/2019,7.0,Jul,2019.0
Channel Partners,France,Paseo,High,2426.0,10.0,12.0,29112.0,7276.5,21835.5,7/1/2019,7.0,Jul,2019.0
Government,   Canada,Paseo,High,2394.0,10.0,20.0,47880.0,23940.0,23940.0,8/1/2019,8.0,Aug,2019.0
Midmarket,Mexico,Paseo,High,1984.0,10.0,15.0,29760.0,19840.0,9920.0,8/1/2019,8.0,Aug,2019.0
Enterprise,France,Paseo,High,2441.0,10.0,125.0,305125.0,292920.0,12205.0,10/1/2019,10.0,Oct,2019.0
Government,GERMANY,Paseo,High,2992.0,10.0,20.0,59840.0,29920.0,29920.0,10/1/2018,10.0,Oct,2018.0
Small Business,   Canada,Paseo,High,1366.0,10.0,300.0,409800.0,341500.0,68300.0,11/1/2019,11.0,Nov,2019.0
Government,France,Velo,High,2805.0,120.0,20.0,56100.0,28050.0,28050.0,9/1/2018,9.0,Sep,2018.0
Midmarket,Mexico,Velo,High,655.0,120.0,15.0,9825.0,6550.0,3275.0,9/1/2018,9.0,Sep,2018.0
Government,Mexico,Velo,High,344.0,120.0,350.0,120400.0,89440.0,30960.0,10/1/2018,10.0,Oct,2018.0
Government,   Canada,Velo,High,1808.0,120.0,7.0,12656.0,9040.0,3616.0,11/1/2019,11.0,Nov,2019.0
Channel Partners,France,VTT,High,1734.0,250.0,12.0,20808.0,5202.0,15606.0,1/1/2019,1.0,Jan,2019.0
Enterprise,Mexico,VTT,High,554.0,250.0,125.0,69250.0,66480.0,2770.0,1/1/2019,1.0,Jan,2019.0
Government,   Canada,VTT,High,2935.0,250.0,20.0,58700.0,29350.0,29350.0,11/1/2018,11.0,Nov,2018.0
Enterprise,GERMANY,Amarilla,High,3165.0,260.0,125.0,395625.0,379800.0,15825.0,1/1/2019,1.0,Jan,2019.0
Government,Mexico,Amarilla,High,2629.0,260.0,20.0,52580.0,26290.0,26290.0,1/1/2019,1.0,Jan,2019.0
Enterprise,France,Amarilla,High,1433.0,260.0,125.0,179125.0,171960.0,7165.0,5/1/2019,5.0,May,2019.0
Enterprise,Mexico,Amarilla,High,947.0,260.0,125.0,118375.0,113640.0,4735.0,9/1/2018,9.0,Sep,2018.0
Government,Mexico,Amarilla,High,344.0,260.0,350.0,120400.0,89440.0,30960.0,10/1/2018,10.0,Oct,2018.0
Midmarket,Mexico,Amarilla,High,2157.0,260.0,15.0,32355.0,21570.0,10785.0,12/1/2019,12.0,Dec,2019.0
Government,USA,Paseo,High,380.0,10.0,7.0,2660.0,1900.0,760.0,9/1/2018,9.0,Sep,2018.0
Government,Mexico,Carretera,High,886.0,3.0,350.0,310100.0,230360.0,79740.0,6/1/2019,6.0,Jun,2019.0
Enterprise,   Canada,Carretera,High,2416.0,3.0,125.0,302000.0,289920.0,12080.0,9/1/2018,9.0,Sep,2018.0
Enterprise,Mexico,Carretera,High,2156.0,3.0,125.0,269500.0,258720.0,10780.0,10/1/2019,10.0,Oct,2019.0
Midmarket,   Canada,Carretera,High,2689.0,3.0,15.0,40335.0,26890.0,13445.0,11/1/2019,11.0,Nov,2019.0
Midmarket,USA,Montana,High,677.0,5.0,15.0,10155.0,6770.0,3385.0,3/1/2019,3.0,Mar,2019.0
Small Business,France,Montana,High,1773.0,5.0,300.0,531900.0,443250.0,88650.0,4/1/2019,4.0,Apr,2019.0
Government,Mexico,Montana,High,2420.0,5.0,7.0,16940.0,12100.0,4840.0,9/1/2019,9.0,Sep,2019.0
Government,   Canada,Montana,High,2734.0,5.0,7.0,19138.0,13670.0,5468.0,10/1/2019,10.0,Oct,2019.0
Government,Mexico,Montana,High,1715.0,5.0,20.0,34300.0,17150.0,17150.0,10/1/2018,10.0,Oct,2018.0
Small Business,France,Montana,High,1186.0,5.0,300.0,355800.0,296500.0,59300.0,12/1/2018,12.0,Dec,2018.0
Small Business,USA,Paseo,High,3495.0,10.0,300.0,1048500.0,873750.0,174750.0,1/1/2019,1.0,Jan,2019.0
Government,Mexico,Paseo,High,886.0,10.0,350.0,310100.0,230360.0,79740.0,6/1/2019,6.0,Jun,2019.0
Enterprise,Mexico,Paseo,High,2156.0,10.0,125.0,269500.0,258720.0,10780.0,10/1/2019,10.0,Oct,2019.0
Government,Mexico,Paseo,High,905.0,10.0,20.0,18100.0,9050.0,9050.0,10/1/2019,10.0,Oct,2019.0
Government,Mexico,Paseo,High,1715.0,10.0,20.0,34300.0,17150.0,17150.0,10/1/2018,10.0,Oct,2018.0
Government,France,Paseo,High,1594.0,10.0,350.0,557900.0,414440.0,143460.0,11/1/2019,11.0,Nov,2019.0
Small Business,GERMANY,Paseo,High,1359.0,10.0,300.0,407700.0,339750.0,67950.0,11/1/2019,11.0,Nov,2019.0
Small Business,Mexico,Paseo,High,2150.0,10.0,300.0,645000.0,537500.0,107500.0,11/1/2019,11.0,Nov,2019.0
Government,Mexico,Paseo,High,1197.0,10.0,350.0,418950.0,311220.0,107730.0,11/1/2019,11.0,Nov,2019.0
Midmarket,Mexico,Paseo,High,380.0,10.0,15.0,5700.0,3800.0,1900.0,12/1/2018,12.0,Dec,2018.0
Government,Mexico,Paseo,High,1233.0,10.0,20.0,24660.0,12330.0,12330.0,12/1/2019,12.0,Dec,2019.0
Government,Mexico,Velo,High,1395.0,120.0,350.0,488250.0,362700.0,125550.0,7/1/2019,7.0,Jul,2019.0
Government,USA,Velo,High,986.0,120.0,350.0,345100.0,256360.0,88740.0,10/1/2019,10.0,Oct,2019.0
Government,Mexico,Velo,High,905.0,120.0,20.0,18100.0,9050.0,9050.0,10/1/2019,10.0,Oct,2019.0
Channel Partners,   Canada,VTT,High,2109.0,250.0,12.0,25308.0,6327.0,18981.0,5/1/2019,5.0,May,2019.0
Midmarket,France,VTT,High,3875.0,250.0,15.0,58125.0,38745.0,19380.0,7/1/2019,7.0,Jul,2019.0
Government,   Canada,VTT,High,623.0,250.0,350.0,218050.0,161980.0,56070.0,9/1/2018,9.0,Sep,2018.0
Government,USA,VTT,High,986.0,250.0,350.0,345100.0,256360.0,88740.0,10/1/2019,10.0,Oct,2019.0
Enterprise,USA,VTT,High,2387.0,250.0,125.0,298375.0,286440.0,11935.0,11/1/2019,11.0,Nov,2019.0
Government,Mexico,VTT,High,1233.0,250.0,20.0,24660.0,12330.0,12330.0,12/1/2019,12.0,Dec,2019.0
Government,USA,Amarilla,High,270.0,260.0,350.0,94500.0,70200.0,24300.0,2/1/2019,2.0,Feb,2019.0
Government,France,Amarilla,High,3422.0,260.0,7.0,23954.0,17107.5,6846.5,7/1/2019,7.0,Jul,2019.0
Government,   Canada,Amarilla,High,2734.0,260.0,7.0,19138.0,13670.0,5468.0,10/1/2019,10.0,Oct,2019.0
Midmarket,USA,Amarilla,High,2548.0,260.0,15.0,38220.0,25480.0,12740.0,11/1/2018,11.0,Nov,2018.0
Government,France,Carretera,High,2522.0,3.0,20.0,50440.0,25215.0,25225.0,1/1/2019,1.0,Jan,2019.0
Channel Partners,Mexico,Montana,High,2661.0,5.0,12.0,31932.0,7983.0,23949.0,5/1/2019,5.0,May,2019.0
Government,GERMANY,Paseo,High,1531.0,10.0,20.0,30620.0,15310.0,15310.0,12/1/2019,12.0,Dec,2019.0
Government,France,VTT,High,1491.0,250.0,7.0,10437.0,7455.0,2982.0,3/1/2019,3.0,Mar,2019.0
Government,GERMANY,VTT,High,1531.0,250.0,20.0,30620.0,15310.0,15310.0,12/1/2019,12.0,Dec,2019.0
Channel Partners,   Canada,Amarilla,High,2761.0,260.0,12.0,33132.0,8283.0,24849.0,9/1/2018,9.0,Sep,2018.0
Midmarket,USA,Carretera,High,2567.0,3.0,15.0,38505.0,25670.0,12835.0,6/1/2019,6.0,Jun,2019.0
Midmarket,USA,VTT,High,2567.0,250.0,15.0,38505.0,25670.0,12835.0,6/1/2019,6.0,Jun,2019.0
Government,   Canada,Carretera,High,923.0,3.0,350.0,323050.0,239980.0,83070.0,3/1/2019,3.0,Mar,2019.0
Government,France,Carretera,High,1790.0,3.0,350.0,626500.0,465400.0,161100.0,3/1/2019,3.0,Mar,2019.0
Government,GERMANY,Carretera,High,442.0,3.0,20.0,8840.0,4420.0,4420.0,9/1/2018,9.0,Sep,2018.0
Government,USA,Montana,High,983.0,5.0,350.0,344050.0,255450.0,88600.0,1/1/2019,1.0,Jan,2019.0
Government,USA,Montana,High,1298.0,5.0,7.0,9086.0,6490.0,2596.0,2/1/2019,2.0,Feb,2019.0
Channel Partners,Mexico,Montana,High,604.0,5.0,12.0,7248.0,1812.0,5436.0,6/1/2019,6.0,Jun,2019.0
Government,Mexico,Montana,High,2255.0,5.0,20.0,45100.0,22550.0,22550.0,7/1/2019,7.0,Jul,2019.0
Government,   Canada,Montana,High,1249.0,5.0,20.0,24980.0,12490.0,12490.0,10/1/2019,10.0,Oct,2019.0
Government,USA,Paseo,High,1439.0,10.0,7.0,10073.0,7192.5,2880.5,1/1/2019,1.0,Jan,2019.0
Small Business,GERMANY,Paseo,High,807.0,10.0,300.0,242100.0,201750.0,40350.0,1/1/2019,1.0,Jan,2019.0
Government,USA,Paseo,High,2641.0,10.0,20.0,52820.0,26410.0,26410.0,2/1/2019,2.0,Feb,2019.0
Government,GERMANY,Paseo,High,2708.0,10.0,20.0,54160.0,27080.0,27080.0,2/1/2019,2.0,Feb,2019.0
Government,   Canada,Paseo,High,2632.0,10.0,350.0,921200.0,684320.0,236880.0,6/1/2019,6.0,Jun,2019.0
Enterprise,   Canada,Paseo,High,1583.0,10.0,125.0,197875.0,189960.0,7915.0,6/1/2019,6.0,Jun,2019.0
Channel Partners,Mexico,Paseo,High,571.0,10.0,12.0,6852.0,1713.0,5139.0,7/1/2019,7.0,Jul,2019.0
Government,France,Paseo,High,2696.0,10.0,7.0,18872.0,13480.0,5392.0,8/1/2019,8.0,Aug,2019.0
Midmarket,   Canada,Paseo,High,1565.0,10.0,15.0,23475.0,15650.0,7825.0,10/1/2019,10.0,Oct,2019.0
Government,   Canada,Paseo,High,1249.0,10.0,20.0,24980.0,12490.0,12490.0,10/1/2019,10.0,Oct,2019.0
Government,GERMANY,Paseo,High,357.0,10.0,350.0,124950.0,92820.0,32130.0,11/1/2019,11.0,Nov,2019.0
Channel Partners,GERMANY,Paseo,High,1013.0,10.0,12.0,12156.0,3039.0,9117.0,12/1/2019,12.0,Dec,2019.0
Midmarket,France,Velo,High,3998.0,120.0,15.0,59970.0,39975.0,19995.0,1/1/2019,1.0,Jan,2019.0
Government,   Canada,Velo,High,2632.0,120.0,350.0,921200.0,684320.0,236880.0,6/1/2019,6.0,Jun,2019.0
Government,France,Velo,High,1190.0,120.0,7.0,8330.0,5950.0,2380.0,6/1/2019,6.0,Jun,2019.0
Channel Partners,Mexico,Velo,High,604.0,120.0,12.0,7248.0,1812.0,5436.0,6/1/2019,6.0,Jun,2019.0
Midmarket,GERMANY,Velo,High,660.0,120.0,15.0,9900.0,6600.0,3300.0,9/1/2018,9.0,Sep,2018.0
Channel Partners,Mexico,Velo,High,410.0,120.0,12.0,4920.0,1230.0,3690.0,10/1/2019,10.0,Oct,2019.0
Small Business,Mexico,Velo,High,2605.0,120.0,300.0,781500.0,651250.0,130250.0,11/1/2018,11.0,Nov,2018.0
Channel Partners,GERMANY,Velo,High,1013.0,120.0,12.0,12156.0,3039.0,9117.0,12/1/2019,12.0,Dec,2019.0
Enterprise,   Canada,VTT,High,1583.0,250.0,125.0,197875.0,189960.0,7915.0,6/1/2019,6.0,Jun,2019.0
Midmarket,   Canada,VTT,High,1565.0,250.0,15.0,23475.0,15650.0,7825.0,10/1/2019,10.0,Oct,2019.0
Enterprise,   Canada,Amarilla,High,1659.0,260.0,125.0,207375.0,199080.0,8295.0,1/1/2019,1.0,Jan,2019.0
Government,France,Amarilla,High,1190.0,260.0,7.0,8330.0,5950.0,2380.0,6/1/2019,6.0,Jun,2019.0
Channel Partners,Mexico,Amarilla,High,410.0,260.0,12.0,4920.0,1230.0,3690.0,10/1/2019,10.0,Oct,2019.0
Channel Partners,GERMANY,Amarilla,High,1770.0,260.0,12.0,21240.0,5310.0,15930.0,12/1/2018,12.0,Dec,2018.0
Government,Mexico,Carretera,High,2579.0,3.0,20.0,51580.0,25790.0,25790.0,4/1/2019,4.0,Apr,2019.0
Government,USA,Carretera,High,1743.0,3.0,20.0,34860.0,17430.0,17430.0,5/1/2019,5.0,May,2019.0
Government,USA,Carretera,High,2996.0,3.0,7.0,20972.0,14980.0,5992.0,10/1/2018,10.0,Oct,2018.0
Government,GERMANY,Carretera,High,280.0,3.0,7.0,1960.0,1400.0,560.0,12/1/2019,12.0,Dec,2019.0
Government,France,Montana,High,293.0,5.0,7.0,2051.0,1465.0,586.0,2/1/2019,2.0,Feb,2019.0
Government,USA,Montana,High,2996.0,5.0,7.0,20972.0,14980.0,5992.0,10/1/2018,10.0,Oct,2018.0
Midmarket,GERMANY,Paseo,High,278.0,10.0,15.0,4170.0,2780.0,1390.0,2/1/2019,2.0,Feb,2019.0
Government,   Canada,Paseo,High,2428.0,10.0,20.0,48560.0,24280.0,24280.0,3/1/2019,3.0,Mar,2019.0
Midmarket,USA,Paseo,High,1767.0,10.0,15.0,26505.0,17670.0,8835.0,9/1/2019,9.0,Sep,2019.0
Channel Partners,France,Paseo,High,1393.0,10.0,12.0,16716.0,4179.0,12537.0,10/1/2019,10.0,Oct,2019.0
Government,GERMANY,VTT,High,280.0,250.0,7.0,1960.0,1400.0,560.0,12/1/2019,12.0,Dec,2019.0
Channel Partners,France,Amarilla,High,1393.0,260.0,12.0,16716.0,4179.0,12537.0,10/1/2019,10.0,Oct,2019.0
Channel Partners,USA,Amarilla,High,2015.0,260.0,12.0,24180.0,6045.0,18135.0,12/1/2018,12.0,Dec,2018.0
Small Business,Mexico,Carretera,High,801.0,3.0,300.0,240300.0,200250.0,40050.0,7/1/2019,7.0,Jul,2019.0
Enterprise,France,Carretera,High,1023.0,3.0,125.0,127875.0,122760.0,5115.0,9/1/2018,9.0,Sep,2018.0
Small Business,   Canada,Carretera,High,1496.0,3.0,300.0,448800.0,374000.0,74800.0,10/1/2019,10.0,Oct,2019.0
Small Business,USA,Carretera,High,1010.0,3.0,300.0,303000.0,252500.0,50500.0,10/1/2019,10.0,Oct,2019.0
Midmarket,GERMANY,Carretera,High,1513.0,3.0,15.0,22695.0,15130.0,7565.0,11/1/2019,11.0,Nov,2019.0
Midmarket,   Canada,Carretera,High,2300.0,3.0,15.0,34500.0,23000.0,11500.0,12/1/2019,12.0,Dec,2019.0
Enterprise,Mexico,Carretera,High,2821.0,3.0,125.0,352625.0,338520.0,14105.0,12/1/2018,12.0,Dec,2018.0
Government,   Canada,Montana,High,2228.0,5.0,350.0,779800.0,579150.0,200650.0,1/1/2019,1.0,Jan,2019.0
Government,GERMANY,Montana,High,1199.0,5.0,350.0,419650.0,311740.0,107910.0,4/1/2019,4.0,Apr,2019.0
Government,   Canada,Montana,High,200.0,5.0,350.0,70000.0,52000.0,18000.0,5/1/2019,5.0,May,2019.0
Government,   Canada,Montana,High,388.0,5.0,7.0,2716.0,1940.0,776.0,9/1/2019,9.0,Sep,2019.0
Government,Mexico,Montana,High,1727.0,5.0,7.0,12089.0,8635.0,3454.0,10/1/2018,10.0,Oct,2018.0
Midmarket,   Canada,Montana,High,2300.0,5.0,15.0,34500.0,23000.0,11500.0,12/1/2019,12.0,Dec,2019.0
Government,Mexico,Paseo,High,260.0,10.0,20.0,5200.0,2600.0,2600.0,2/1/2019,2.0,Feb,2019.0
Midmarket,   Canada,Paseo,High,2470.0,10.0,15.0,37050.0,24700.0,12350.0,9/1/2018,9.0,Sep,2018.0
Midmarket,   Canada,Paseo,High,1743.0,10.0,15.0,26145.0,17430.0,8715.0,10/1/2018,10.0,Oct,2018.0
Channel Partners,USA,Paseo,High,2914.0,10.0,12.0,34968.0,8742.0,26226.0,10/1/2019,10.0,Oct,2019.0
Government,France,Paseo,High,1731.0,10.0,7.0,12117.0,8655.0,3462.0,10/1/2019,10.0,Oct,2019.0
Government,   Canada,Paseo,High,700.0,10.0,350.0,245000.0,182000.0,63000.0,11/1/2019,11.0,Nov,2019.0
Channel Partners,   Canada,Paseo,High,2222.0,10.0,12.0,26664.0,6666.0,19998.0,11/1/2018,11.0,Nov,2018.0
Government,USA,Paseo,High,1177.0,10.0,350.0,411950.0,306020.0,105930.0,11/1/2019,11.0,Nov,2019.0
Government,France,Paseo,High,1922.0,10.0,350.0,672700.0,499720.0,172980.0,11/1/2018,11.0,Nov,2018.0
Enterprise,Mexico,Velo,High,1575.0,120.0,125.0,196875.0,189000.0,7875.0,2/1/2019,2.0,Feb,2019.0
Government,USA,Velo,High,606.0,120.0,20.0,12120.0,6060.0,6060.0,4/1/2019,4.0,Apr,2019.0
Small Business,USA,Velo,High,2460.0,120.0,300.0,738000.0,615000.0,123000.0,7/1/2019,7.0,Jul,2019.0
Small Business,   Canada,Velo,High,269.0,120.0,300.0,80700.0,67250.0,13450.0,10/1/2018,10.0,Oct,2018.0
Small Business,GERMANY,Velo,High,2536.0,120.0,300.0,760800.0,634000.0,126800.0,11/1/2018,11.0,Nov,2018.0
Government,Mexico,VTT,High,2903.0,250.0,7.0,20321.0,14515.0,5806.0,3/1/2019,3.0,Mar,2019.0
Small Business,USA,VTT,High,2541.0,250.0,300.0,762300.0,635250.0,127050.0,8/1/2019,8.0,Aug,2019.0
Small Business,   Canada,VTT,High,269.0,250.0,300.0,80700.0,67250.0,13450.0,10/1/2018,10.0,Oct,2018.0
Small Business,   Canada,VTT,High,1496.0,250.0,300.0,448800.0,374000.0,74800.0,10/1/2019,10.0,Oct,2019.0
Small Business,USA,VTT,High,1010.0,250.0,300.0,303000.0,252500.0,50500.0,10/1/2019,10.0,Oct,2019.0
Government,France,VTT,High,1281.0,250.0,350.0,448350.0,333060.0,115290.0,12/1/2018,12.0,Dec,2018.0
Small Business,   Canada,Amarilla,High,888.0,260.0,300.0,266400.0,222000.0,44400.0,3/1/2019,3.0,Mar,2019.0
Enterprise,USA,Amarilla,High,2844.0,260.0,125.0,355500.0,341280.0,14220.0,5/1/2019,5.0,May,2019.0
Channel Partners,France,Amarilla,High,2475.0,260.0,12.0,29700.0,7425.0,22275.0,8/1/2019,8.0,Aug,2019.0
Midmarket,   Canada,Amarilla,High,1743.0,260.0,15.0,26145.0,17430.0,8715.0,10/1/2018,10.0,Oct,2018.0
Channel Partners,USA,Amarilla,High,2914.0,260.0,12.0,34968.0,8742.0,26226.0,10/1/2019,10.0,Oct,2019.0
Government,France,Amarilla,High,1731.0,260.0,7.0,12117.0,8655.0,3462.0,10/1/2019,10.0,Oct,2019.0
Government,Mexico,Amarilla,High,1727.0,260.0,7.0,12089.0,8635.0,3454.0,10/1/2018,10.0,Oct,2018.0
Midmarket,Mexico,Amarilla,High,1870.0,260.0,15.0,28050.0,18700.0,9350.0,11/1/2018,11.0,Nov,2018.0
Enterprise,France,Carretera,High,1174.0,3.0,125.0,146750.0,140880.0,5870.0,8/1/2019,8.0,Aug,2019.0
Enterprise,GERMANY,Carretera,High,2767.0,3.0,125.0,345875.0,332040.0,13835.0,8/1/2019,8.0,Aug,2019.0
Enterprise,GERMANY,Carretera,High,1085.0,3.0,125.0,135625.0,130200.0,5425.0,10/1/2019,10.0,Oct,2019.0
Small Business,Mexico,Montana,High,546.0,5.0,300.0,163800.0,136500.0,27300.0,10/1/2019,10.0,Oct,2019.0
Government,GERMANY,Paseo,High,1158.0,10.0,20.0,23160.0,11580.0,11580.0,3/1/2019,3.0,Mar,2019.0
Midmarket,   Canada,Paseo,High,1614.0,10.0,15.0,24210.0,16140.0,8070.0,4/1/2019,4.0,Apr,2019.0
Government,Mexico,Paseo,High,2535.0,10.0,7.0,17745.0,12675.0,5070.0,4/1/2019,4.0,Apr,2019.0
Government,Mexico,Paseo,High,2851.0,10.0,350.0,997850.0,741260.0,256590.0,5/1/2019,5.0,May,2019.0
Midmarket,   Canada,Paseo,High,2559.0,10.0,15.0,38385.0,25590.0,12795.0,8/1/2019,8.0,Aug,2019.0
Government,USA,Paseo,High,267.0,10.0,20.0,5340.0,2670.0,2670.0,10/1/2018,10.0,Oct,2018.0
Enterprise,GERMANY,Paseo,High,1085.0,10.0,125.0,135625.0,130200.0,5425.0,10/1/2019,10.0,Oct,2019.0
Midmarket,GERMANY,Paseo,High,1175.0,10.0,15.0,17625.0,11750.0,5875.0,10/1/2019,10.0,Oct,2019.0
Government,USA,Paseo,High,2007.0,10.0,350.0,702450.0,521820.0,180630.0,11/1/2018,11.0,Nov,2018.0
Government,Mexico,Paseo,High,2151.0,10.0,350.0,752850.0,559260.0,193590.0,11/1/2018,11.0,Nov,2018.0
Channel Partners,USA,Paseo,High,914.0,10.0,12.0,10968.0,2742.0,8226.0,12/1/2019,12.0,Dec,2019.0
Government,France,Paseo,High,293.0,10.0,20.0,5860.0,2930.0,2930.0,12/1/2019,12.0,Dec,2019.0
Channel Partners,Mexico,Velo,High,500.0,120.0,12.0,6000.0,1500.0,4500.0,3/1/2019,3.0,Mar,2019.0
Midmarket,France,Velo,High,2826.0,120.0,15.0,42390.0,28260.0,14130.0,5/1/2019,5.0,May,2019.0
Enterprise,France,Velo,High,663.0,120.0,125.0,82875.0,79560.0,3315.0,9/1/2019,9.0,Sep,2019.0
Small Business,USA,Velo,High,2574.0,120.0,300.0,772200.0,643500.0,128700.0,11/1/2018,11.0,Nov,2018.0
Enterprise,USA,Velo,High,2438.0,120.0,125.0,304750.0,292560.0,12190.0,12/1/2018,12.0,Dec,2018.0
Channel Partners,USA,Velo,High,914.0,120.0,12.0,10968.0,2742.0,8226.0,12/1/2019,12.0,Dec,2019.0
Government,   Canada,VTT,High,866.0,250.0,20.0,17320.0,8655.0,8665.0,7/1/2019,7.0,Jul,2019.0
Midmarket,GERMANY,VTT,High,492.0,250.0,15.0,7380.0,4920.0,2460.0,7/1/2019,7.0,Jul,2019.0
Government,USA,VTT,High,267.0,250.0,20.0,5340.0,2670.0,2670.0,10/1/2018,10.0,Oct,2018.0
Midmarket,GERMANY,VTT,High,1175.0,250.0,15.0,17625.0,11750.0,5875.0,10/1/2019,10.0,Oct,2019.0
Enterprise,   Canada,VTT,High,2954.0,250.0,125.0,369250.0,354480.0,14770.0,11/1/2018,11.0,Nov,2018.0
Enterprise,GERMANY,VTT,High,552.0,250.0,125.0,69000.0,66240.0,2760.0,11/1/2019,11.0,Nov,2019.0
Government,France,VTT,High,293.0,250.0,20.0,5860.0,2930.0,2930.0,12/1/2019,12.0,Dec,2019.0
Small Business,France,Amarilla,High,2475.0,260.0,300.0,742500.0,618750.0,123750.0,3/1/2019,3.0,Mar,2019.0
Small Business,Mexico,Amarilla,High,546.0,260.0,300.0,163800.0,136500.0,27300.0,10/1/2019,10.0,Oct,2019.0
Government,Mexico,Montana,High,1368.0,5.0,7.0,9576.0,6840.0,2736.0,2/1/2019,2.0,Feb,2019.0
Government,   Canada,Paseo,High,723.0,10.0,7.0,5061.0,3615.0,1446.0,4/1/2019,4.0,Apr,2019.0
Channel Partners,USA,VTT,High,1806.0,250.0,12.0,21672.0,5418.0,16254.0,5/1/2019,5.0,May,2019.0
